ds,y,yhat,yhat_lower,yhat_upper,anomaly
2022-10-31 00:00:00,1.8905,2.716346222390514,0.7361981433582275,4.731318022811061,0
2022-10-31 01:00:00,1.1097,1.8854864338822526,-0.03422268698163139,3.8756734977315186,0
2022-10-31 02:00:00,0.3923,1.1482862093484254,-1.0718949251157863,3.2464606993779537,0
2022-10-31 03:00:00,0.2812,0.45136206489155484,-1.490317824002785,2.4712526857701365,0
2022-10-31 04:00:00,0.35450000000000004,0.05746525946983727,-2.040332928573633,2.0617599121506243,0
2022-10-31 05:00:00,0.9077000000000001,0.34107311973804677,-1.7706236627884144,2.4832239434458616,0
2022-10-31 06:00:00,1.6811,1.407937924810641,-0.7441415012332069,3.5013798868696626,0
2022-10-31 07:00:00,3.6835,2.920652195488739,0.8541655079037052,5.079880100899736,0
2022-10-31 08:00:00,6.3546000000000005,4.320194847933773,2.243265110972085,6.493678801916788,0
2022-10-31 09:00:00,5.5375,5.247567937500334,3.268952500579904,7.271781795530443,0
2022-10-31 10:00:00,6.2001,5.77306217835332,3.5683217453556004,7.855728162154121,0
2022-10-31 11:00:00,5.7155000000000005,6.228971914735433,4.147530558456877,8.401943367934976,0
2022-10-31 12:00:00,7.6061,6.827639581331422,4.730466763360521,9.010797809595081,0
2022-10-31 13:00:00,7.2005,7.4475845169753825,5.324438668884495,9.46228969303243,0
2022-10-31 14:00:00,7.268599999999999,7.789327876097108,5.623277033183707,9.853677590415309,0
2022-10-31 15:00:00,6.4379,7.724228271934428,5.527710090077248,9.776956055711727,0
2022-10-31 16:00:00,5.8294,7.464753435618178,5.254571698204663,9.664891494514588,0
2022-10-31 17:00:00,6.026,7.3682083070228614,5.259050311156168,9.324644823717254,0
2022-10-31 18:00:00,6.7637,7.56260536433336,5.600762471205621,9.603496952702086,0
2022-10-31 19:00:00,7.8988000000000005,7.773284905156951,5.798072049519075,9.882898455509345,0
2022-10-31 20:00:00,7.771799999999999,7.538668708520892,5.546993400150542,9.565226974923862,0
2022-10-31 21:00:00,6.7135,6.6205376666956495,4.591156532352623,8.733493107831363,0
2022-10-31 22:00:00,4.6363,5.219907980718687,3.260134487365027,7.446807124773881,0
2022-10-31 23:00:00,3.0008999999999997,3.798259425260146,1.6358968380990195,5.921412358462457,0
2022-11-01 00:00:00,1.9219000000000002,2.6882876833276947,0.6321590686564497,4.882317718321795,0
2022-11-01 01:00:00,1.2614,1.8765464384947745,-0.18078727411467288,3.9102242040965596,0
2022-11-01 02:00:00,0.5212,1.1570662821588833,-0.9389505081724567,3.163522357793018,0
2022-11-01 03:00:00,0.4377,0.4763949978725792,-1.622618625948219,2.6532985135450806,0
2022-11-01 04:00:00,0.45480000000000004,0.09723396004996587,-1.8764600169148555,2.234185295955496,0
2022-11-01 05:00:00,0.2213,0.3940292974535877,-1.7634470043655548,2.5167506614293083,0
2022-11-01 06:00:00,1.6132,1.472520391421487,-0.4419696151590743,3.541783743863803,0
2022-11-01 07:00:00,4.0713,2.995304562548262,0.8325203781298682,5.232087776610392,0
2022-11-01 08:00:00,4.869999999999999,4.403382417662064,2.423934994359127,6.483955128541502,0
2022-11-01 09:00:00,6.2393,5.337793596875388,3.1940753799628103,7.598800088373936,0
2022-11-01 10:00:00,7.6015,5.868881122806817,3.7784827631340256,7.93112904822618,0
2022-11-01 11:00:00,6.9997,6.329005046300048,4.341137344201244,8.471968409264697,0
2022-11-01 12:00:00,6.904299999999999,6.930585446346839,4.800676409494659,8.961284111503488,0
2022-11-01 13:00:00,8.3068,7.552229670160235,5.525240414175292,9.713915828507941,0
2022-11-01 14:00:00,8.6113,7.894555580769195,5.787544479343706,10.04854506044965,0
2022-11-01 15:00:00,8.7774,7.829025469977945,5.576972430214578,10.032447864028958,0
2022-11-01 16:00:00,9.0382,7.568215945222606,5.614180514742297,9.515111184784528,0
2022-11-01 17:00:00,6.9085,7.469544230943351,5.415991817356601,9.644291384252037,0
2022-11-01 18:00:00,9.193100000000001,7.661136716018822,5.575350498382026,9.793758700162247,0
2022-11-01 19:00:00,8.0546,7.868447484388202,5.760065086870639,9.973343180952726,0
2022-11-01 20:00:00,7.7403,7.630010281718128,5.575956361464769,9.681738565844372,0
2022-11-01 21:00:00,8.4421,6.707714529613857,4.671566507279196,8.965767823000792,0
2022-11-01 22:00:00,6.1347,5.302680003067817,3.217351296876406,7.348265791388141,0
2022-11-01 23:00:00,5.1219,3.876483695117554,1.756475180236155,6.039955816319531,0
2022-11-02 00:00:00,5.1846,2.7619108855698835,0.6186814010847058,4.8758790684014075,1
2022-11-02 01:00:00,3.2178000000000004,1.9455961263644403,-0.1481699069973392,3.9874446220990247,0
2022-11-02 02:00:00,1.7276,1.2216412019464102,-0.9210432138318623,3.237693991460673,0
2022-11-02 03:00:00,1.3911,0.5366546460969355,-1.598819019239034,2.760034218958094,0
2022-11-02 04:00:00,0.9756,0.15338755898938228,-1.999979486861529,2.301316771969671,0
2022-11-02 05:00:00,0.9312999999999999,0.44632438063511337,-1.7646851355728457,2.488238278593796,0
2022-11-02 06:00:00,0.9364,1.521231194365607,-0.453098902385158,3.7029377929401495,0
2022-11-02 07:00:00,2.5947,3.0407204145314517,0.8562992732277991,5.121669274779981,0
2022-11-02 08:00:00,3.3329,4.445796328027207,2.447735726772894,6.518936507752421,0
2022-11-02 09:00:00,5.0206,5.37749122416527,3.3035254954007747,7.389386445174942,0
2022-11-02 10:00:00,4.8531,5.90613030883668,3.915397485514839,8.098393632779649,0
2022-11-02 11:00:00,6.3575,6.364046084934412,4.1858075330535485,8.369716871999108,0
2022-11-02 12:00:00,6.417,6.96362224647544,4.83231492077636,8.79848301186858,0
2022-11-02 13:00:00,6.347300000000001,7.583421956720869,5.535004586504414,9.854273140929507,0
2022-11-02 14:00:00,7.5001,7.924012261279568,5.735976477006939,10.085442945409076,0
2022-11-02 15:00:00,7.5525,7.856799275292922,5.867574128650551,9.849756170722005,0
2022-11-02 16:00:00,6.4102,7.5942994342318135,5.419133798430431,9.752703311189364,0
2022-11-02 17:00:00,6.2414000000000005,7.493867226798418,5.458077582523242,9.627320825074309,0
2022-11-02 18:00:00,6.5272,7.683565220012815,5.668620794673906,9.70428114773003,0
2022-11-02 19:00:00,10.2532,7.8887840906589215,5.745279215800223,10.035472523912158,1
2022-11-02 20:00:00,7.293,7.647996090934406,5.595783583680003,9.804311931362673,0
2022-11-02 21:00:00,5.5822,6.7230325465054355,4.675289373803994,8.82070613180882,0
2022-11-02 22:00:00,4.1961,5.314959959633878,3.1614191788426997,7.444849428183816,0
2022-11-02 23:00:00,3.4093999999999998,3.8853082415106153,1.7487882812125226,5.946412347133873,0
2022-11-03 00:00:00,2.2403,2.766823054045726,0.6820846955231556,4.734332192557298,0
2022-11-03 01:00:00,2.1037000000000003,1.9461079609853313,-0.20827130942830344,4.055569371815586,0
2022-11-03 02:00:00,0.8826999999999999,1.2172434252957474,-0.6690471819944032,3.5147304442030958,0
2022-11-03 03:00:00,0.2357,0.5268272179049944,-1.6313492789018968,2.681744472868877,0
2022-11-03 04:00:00,0.5054,0.13761096655750826,-1.8666517666408649,2.181663185189068,0
2022-11-03 05:00:00,0.6943,0.4240914881649944,-1.6308752754600209,2.479406851153894,0
2022-11-03 06:00:00,2.2178,1.4920594678452397,-0.7937535643244288,3.616061066636686,0
2022-11-03 07:00:00,3.9255000000000004,3.004164330885751,0.840588593123004,5.063184733616597,0
2022-11-03 08:00:00,5.6235,4.401459771846594,2.1723584144219514,6.6442223079637825,0
2022-11-03 09:00:00,4.8319,5.325039673143599,3.354971654395143,7.416181404832418,0
2022-11-03 10:00:00,5.7568,5.845302607833264,3.841315722423845,7.7933639089098765,0
2022-11-03 11:00:00,7.5253000000000005,6.2946656137395385,4.297627766588624,8.420692556438182,0
2022-11-03 12:00:00,7.7699,6.885607289876049,4.75935030099142,8.923518914268781,0
2022-11-03 13:00:00,8.8748,7.496795094842239,5.391023565189908,9.584443557475764,0
2022-11-03 14:00:00,7.001199999999999,7.828908608867232,5.916834052796774,9.751462526892105,0
2022-11-03 15:00:00,6.709999999999999,7.753473412360028,5.875079958776424,9.801919372713385,0
2022-11-03 16:00:00,8.3387,7.483130885317114,5.407998032776143,9.531700865336134,0
2022-11-03 17:00:00,7.441000000000001,7.375364364829201,5.428074062318725,9.296578128102837,0
2022-11-03 18:00:00,9.3095,7.558367489869987,5.3528691471037,9.577495928884447,0
2022-11-03 19:00:00,7.9166,7.757662468814004,5.697793968219373,10.021867755202194,0
2022-11-03 20:00:00,7.922000000000001,7.511851722638053,5.517872351204494,9.693341300930847,0
2022-11-03 21:00:00,6.6370000000000005,6.582893515682087,4.558817093675241,8.710773983088806,0
2022-11-03 22:00:00,4.0401,5.171976190381472,3.0820667245782913,7.372483756205344,0
2022-11-03 23:00:00,3.7796999999999996,3.7407445364916674,1.653730704236859,5.965611981079193,0
2022-11-04 00:00:00,2.1973,2.6220503093171965,0.5328098510682622,4.859911381999941,0
2022-11-04 01:00:00,0.8823,1.8025926193415671,-0.15925230668451917,3.8716355113705125,0
2022-11-04 02:00:00,0.4595,1.0765352558604286,-0.9848342968478437,3.130565865493644,0
2022-11-04 03:00:00,0.6333,0.390545532881009,-1.8080005724032413,2.434421303658175,0
2022-11-04 04:00:00,0.5938,0.007429407647045139,-1.8673421980754288,2.220814421360557,0
2022-11-04 05:00:00,0.7729,0.301721537547313,-1.7614874644877667,2.21222594104461,0
2022-11-04 06:00:00,1.8877,1.379232857084796,-0.726357193013443,3.342593429322498,0
2022-11-04 07:00:00,4.8511,2.902614538755295,0.6704555858301383,4.977694780240686,0
2022-11-04 08:00:00,4.668,4.312902817129014,2.1977507791448896,6.379669880643963,0
2022-11-04 09:00:00,4.6724,5.25115442117776,3.2321579596216106,7.395295812333252,0
2022-11-04 10:00:00,6.3413,5.787710819604666,3.7150283887829794,7.768591287442426,0
2022-11-04 11:00:00,5.4856,6.254911973680697,4.081157764802144,8.16827225573243,0
2022-11-04 12:00:00,5.9372,6.865139652966009,4.819951649999652,9.03365880994222,0
2022-11-04 13:00:00,6.4846,7.49694519508156,5.445270641893618,9.456806801661891,0
2022-11-04 14:00:00,8.3687,7.850873469687025,5.766771067998431,9.97022469105867,0
2022-11-04 15:00:00,7.342300000000001,7.798297695024871,5.865065517307013,9.868988985609287,0
2022-11-04 16:00:00,7.9062,7.551690403850975,5.487060658807921,9.774043578552993,0
2022-11-04 17:00:00,7.4864999999999995,7.468350985961454,5.344885665108636,9.560887064252887,0
2022-11-04 18:00:00,7.6976,7.676275621766317,5.4590421325388565,9.839539634541602,0
2022-11-04 19:00:00,6.638199999999999,7.900777329754222,5.917276745133424,9.87370773942633,0
2022-11-04 20:00:00,7.8225,7.680239559043299,5.595803016932224,9.778777319547855,0
2022-11-04 21:00:00,6.0626999999999995,6.776393920082606,4.721948026120794,8.836342719081527,0
2022-11-04 22:00:00,6.177899999999999,5.390196647439576,3.3603053172730792,7.501753004251736,0
2022-11-04 23:00:00,5.065799999999999,3.9830572998180944,1.89995872184643,5.85443817444763,0
2022-11-05 00:00:00,3.9423,2.887591686652404,0.7303870545938111,4.876936040958114,0
2022-11-05 01:00:00,2.4162,2.0902647170685005,-0.03895604147733011,4.072770668393363,0
2022-11-05 02:00:00,1.4689,1.3850102048012625,-0.7193512071653311,3.458283175727721,0
2022-11-05 03:00:00,0.6506,0.7182721893201149,-1.3527319640802309,2.717745826574211,0
2022-11-05 04:00:00,0.2434,0.35264249579619467,-1.8032889108089771,2.5020447552891953,0
2022-11-05 05:00:00,0.6689,0.6624531699923981,-1.3080578285633473,2.751243165532199,0
2022-11-05 06:00:00,0.6396999999999999,1.7533263423356829,-0.39815639512444245,3.8515426554895664,0
2022-11-05 07:00:00,1.9142000000000001,3.2877403585196845,1.3331920364589311,5.3435294062172405,0
2022-11-05 08:00:00,5.812200000000001,4.706576628750309,2.662221621593875,7.02282338994752,0
2022-11-05 09:00:00,6.2344,5.650756917263531,3.5909736356385724,7.770381243255225,0
2022-11-05 10:00:00,5.3858999999999995,6.190509254565836,4.019137714682889,8.26506050832333,0
2022-11-05 11:00:00,6.0337,6.658083145128901,4.385679174843705,8.660112103906924,0
2022-11-05 12:00:00,6.581099999999999,7.2657941085037105,5.199221619926229,9.30427776644821,0
2022-11-05 13:00:00,6.3301,7.8921524197110475,5.864262489988322,10.025966727185194,0
2022-11-05 14:00:00,7.1567,8.23768779540859,6.127578189372451,10.228991821192848,0
2022-11-05 15:00:00,8.995800000000001,8.173950823790943,6.078773986521527,10.321827409007259,0
2022-11-05 16:00:00,7.3044,7.913285632767808,5.89372802182919,9.797354146862856,0
2022-11-05 17:00:00,7.7897,7.813055810012199,5.742408580837721,9.882351515606596,0
2022-11-05 18:00:00,7.9932,8.001347799843572,5.755866910095897,10.105288893774128,0
2022-11-05 19:00:00,8.419699999999999,8.203590294711766,6.074084699935413,10.226441608923453,0
2022-11-05 20:00:00,7.4393,7.95830690222122,5.776657299432243,10.041856732956761,0
2022-11-05 21:00:00,9.927499999999998,7.027392688271047,4.79157258030629,9.27961526185442,1
2022-11-05 22:00:00,7.317200000000001,5.611989202587592,3.512031886313692,7.791778596184745,0
2022-11-05 23:00:00,5.4295,4.17371150669016,2.1441506763098546,6.215911106337451,0
2022-11-06 00:00:00,3.4311,3.0453992112973944,1.0670977371973986,5.020376854613217,0
2022-11-06 01:00:00,3.4772,2.2137572391927445,0.11875457808437379,4.302396327623854,0
2022-11-06 02:00:00,1.3339,1.4729733695378107,-0.5879047419796682,3.553173624813434,0
2022-11-06 03:00:00,0.9802,0.7697571483987868,-1.25317352069623,2.8169147536366346,0
2022-11-06 04:00:00,0.303,0.3669749144341239,-1.9055235061029896,2.598084079221031,0
2022-11-06 05:00:00,0.27,0.6392396033450947,-1.4999282739992357,2.519048821774868,0
2022-11-06 06:00:00,0.8543000000000001,1.6924579145251468,-0.4681768702944928,3.80078473117301,0
2022-11-06 07:00:00,2.4414,3.189393705947926,1.0700815169979305,5.2709238852429,0
2022-11-06 08:00:00,2.9657,4.571212100706779,2.6400859587925107,6.666868788337943,0
2022-11-06 09:00:00,3.8771000000000004,5.479114055919443,3.3187491825832107,7.576861696036831,0
2022-11-06 10:00:00,6.0884,5.98359960596088,3.9996689717004026,8.258058331973988,0
2022-11-06 11:00:00,4.9749,6.417180483089069,4.402706043160874,8.60115982664115,0
2022-11-06 12:00:00,4.7996,6.992422180812543,5.0028968649895935,9.03805278804448,1
2022-11-06 13:00:00,6.5983,7.588070352462566,5.447860249445332,9.718869985154564,0
2022-11-06 14:00:00,7.6422,7.9051920483602895,5.930338505560889,9.909621596037395,0
2022-11-06 15:00:00,7.817499999999999,7.8150527985844995,5.732463819431731,9.837012082987002,0
2022-11-06 16:00:00,6.6206,7.5303421620513555,5.526071646293491,9.640446631893495,0
2022-11-06 17:00:00,7.0486,7.4085808740176375,5.258644741761891,9.318073554585203,0
2022-11-06 18:00:00,7.8688,7.577989078427683,5.419227540058012,9.558568196486387,0
2022-11-06 19:00:00,8.318,7.764104649791831,5.769673377445621,9.862150413735618,0
2022-11-06 20:00:00,6.1709,7.505535055071464,5.397684753727394,9.699840135077922,0
2022-11-06 21:00:00,5.6766000000000005,6.564233363114623,4.463587174145381,8.763354404659825,0
2022-11-06 22:00:00,5.0384,5.1413730121825285,3.0828793767559195,7.211928224599423,0
2022-11-06 23:00:00,3.5265000000000004,3.698574855756937,1.6168937343553573,5.838780944866474,0
2022-11-07 00:00:00,2.7701000000000002,2.568658493120024,0.3630369393099855,4.6413318990577,0
2022-11-07 01:00:00,2.4923,1.7382835922471043,-0.40868349310302293,3.610949107163887,0
2022-11-07 02:00:00,0.3449,1.0015682553467289,-1.0499170834208764,2.967656016942263,0
2022-11-07 03:00:00,0.5168,0.30512899852483244,-2.0005693231319506,2.3130782054200623,0
2022-11-07 04:00:00,0.35309999999999997,-0.08828291925997256,-2.1047551281276866,1.9178324148071115,0
2022-11-07 05:00:00,0.5256000000000001,0.19580982864626328,-1.8547317821450293,2.290115285312498,0
2022-11-07 06:00:00,1.4308,1.2631595213563478,-0.9384258526501147,3.4080731930713357,0
2022-11-07 07:00:00,3.0972999999999997,2.776358679669933,0.7768746876806544,4.811055637263197,0
2022-11-07 08:00:00,5.4633,4.176386219748375,1.9740460128056183,6.250192171130761,0
2022-11-07 09:00:00,4.2338000000000005,5.104244196947195,2.9902892611003473,7.144988725337417,0
2022-11-07 10:00:00,7.415100000000001,5.630223325434407,3.7298857311321867,7.779937716326087,0
2022-11-07 11:00:00,5.6895999999999995,6.086617949451561,3.8993953051295476,8.140117708272982,0
2022-11-07 12:00:00,5.9533,6.686241062875579,4.647197017591423,8.771810102090884,0
2022-11-07 13:00:00,6.650500000000001,7.307141445346648,5.179325041555857,9.364714095220819,0
2022-11-07 14:00:00,6.9663,7.649840251293207,5.473734748352414,9.782696484713247,0
2022-11-07 15:00:00,5.1693,7.585696093957591,5.553463453050073,9.615702043704971,1
2022-11-07 16:00:00,6.1402,7.327176704467855,5.334442143434201,9.509357727045893,0
2022-11-07 17:00:00,5.5692,7.23158702270192,5.266885281362962,9.177686258915303,0
2022-11-07 18:00:00,6.7036,7.426939526840593,5.37547850404135,9.370324192940336,0
2022-11-07 19:00:00,8.8217,7.638574514490793,5.389411301113536,9.728751327418529,0
2022-11-07 20:00:00,6.664300000000001,7.404913764679884,5.263681704883365,9.49653771227613,0
2022-11-07 21:00:00,5.6949000000000005,6.487738169679529,4.404414652418111,8.549703612864668,0
2022-11-07 22:00:00,4.7377,5.088063930529187,3.0383399773265007,7.1839943171261655,0
2022-11-07 23:00:00,3.6154,3.6673708231977473,1.4947641387484356,5.6406879723567425,0
2022-11-08 00:00:00,3.441,2.5583545293940664,0.47000028441524416,4.660780611933225,0
2022-11-08 01:00:00,1.4313,1.7475687326884475,-0.07986930185917142,3.905652044144542,0
2022-11-08 02:00:00,0.9889,1.029044024479154,-1.155739213302541,3.1986948731949885,0
2022-11-08 03:00:00,0.26480000000000004,0.34932818835291,-1.719217606786772,2.6817034689252046,0
2022-11-08 04:00:00,0.5487,-0.028877401373300415,-2.230618958104091,1.8400827704685023,0
2022-11-08 05:00:00,0.7158,0.26887338415949724,-1.825047888286674,2.306883875606766,0
2022-11-08 06:00:00,1.5566999999999998,1.3483199262566035,-0.7961211429665662,3.408009381957294,0
2022-11-08 07:00:00,5.7918,2.8720595454239337,0.7678812928029364,5.063349297838176,1
2022-11-08 08:00:00,4.972200000000001,4.281092848749142,2.0448037299081836,6.386778258570834,0
2022-11-08 09:00:00,6.0022,5.21645947608712,3.1076003285470555,7.38828206513634,0
2022-11-08 10:00:00,5.6928,5.748888103019279,3.7660373964101876,7.7100745929835774,0
2022-11-08 11:00:00,5.3609,6.2103531275162265,4.246055875897643,8.216942176526407,0
2022-11-08 12:00:00,5.537599999999999,6.813274628564281,4.678047316266974,8.914207870171298,0
2022-11-08 13:00:00,7.030900000000001,7.436259953379598,5.430645871247523,9.534140639194508,0
2022-11-08 14:00:00,7.2278,7.779926964988469,5.676108931996426,9.887144790831082,0
2022-11-08 15:00:00,7.8725,7.715737955197744,5.626448864964446,9.880774670320074,0
2022-11-08 16:00:00,9.5467,7.456269531444132,5.443688989661945,9.54418906686653,1
2022-11-08 17:00:00,8.2255,7.35893891816766,5.244188353375311,9.310091696578144,0
2022-11-08 18:00:00,7.0757,7.551872504246887,5.478498054260196,9.77815099468148,0
2022-11-08 19:00:00,8.3135,7.760524373615923,5.704938931375421,9.835042765495366,0
2022-11-08 20:00:00,7.338500000000001,7.523428271945695,5.580950055538745,9.609246175833235,0
2022-11-08 21:00:00,6.3348,6.602473620840856,4.688432975323012,8.821981202146782,0
2022-11-08 22:00:00,4.2351,5.1987801947507535,3.0563654817922985,7.329612586530672,0
2022-11-08 23:00:00,3.3975,3.7739249872577103,1.673951820921024,5.866950966664433,0
2022-11-09 00:00:00,1.9748999999999999,2.660693278168557,0.29045619960707153,4.685152123663518,0
2022-11-09 01:00:00,1.1907,1.8457196194206813,-0.2898601443193602,3.9006143137225835,0
2022-11-09 02:00:00,0.7097,1.1231057954591028,-0.9493023059711011,3.1552335773200473,0
2022-11-09 03:00:00,0.1352,0.4394603400668764,-1.7273702191177174,2.6299409742955464,0
2022-11-09 04:00:00,0.1733,0.05753435341810231,-1.8862545368969061,2.192838314301112,0
2022-11-09 05:00:00,0.599,0.3518122755235975,-1.6211128526357272,2.4245000147034705,0
2022-11-09 06:00:00,1.2761,1.4280601897132397,-0.7287971561034056,3.424938875080341,0
2022-11-09 07:00:00,2.9403,2.948890510337162,0.853753868603395,4.876787373475172,0
2022-11-09 08:00:00,4.0233,4.355307524221761,2.186204237263591,6.468454303523804,0
2022-11-09 09:00:00,5.2124,5.288695486349382,3.054878160801458,7.279637866379142,0
2022-11-09 10:00:00,5.7986,5.819027636944769,3.5926990587009136,7.949983913934091,0
2022-11-09 11:00:00,5.5949,6.278636478968201,4.010557129025123,8.302036410188522,0
2022-11-09 12:00:00,7.494000000000001,6.879905706397918,4.689480303593006,8.919350944062247,0
2022-11-09 13:00:00,7.0235,7.501398482604254,5.616516476167218,9.609987967181802,0
2022-11-09 14:00:00,8.7546,7.843681853086896,5.935828195265115,10.018210695005221,0
2022-11-09 15:00:00,8.6853,7.77816193302403,5.850362055724226,9.730025662157502,0
2022-11-09 16:00:00,7.7221,7.517355157900871,5.479113207232149,9.539520129625041,0
2022-11-09 17:00:00,5.8706000000000005,7.4186160163815495,5.487285289443676,9.48026789370393,0
2022-11-09 18:00:00,6.8136,7.610007075521719,5.5772763682507795,9.829929924794767,0
2022-11-09 19:00:00,6.0286,7.816919012092065,5.580299341312906,9.785742884133947,0
2022-11-09 20:00:00,7.119400000000001,7.577824080256023,5.477357891581301,9.688915970352625,0
2022-11-09 21:00:00,5.0588,6.654553603716179,4.462411575401376,8.748303397119024,0
2022-11-09 22:00:00,4.1807,5.248174084735227,3.233392547511594,7.402251359575,0
2022-11-09 23:00:00,2.208,3.8202154345027575,1.6961913919491252,5.932318379909204,0
2022-11-10 00:00:00,2.8118,2.703423314931761,0.6003639148831129,4.720941682875708,0
2022-11-10 01:00:00,1.6425,1.884401289763069,-0.2920841676735824,4.024753385479731,0
2022-11-10 02:00:00,1.6295,1.157229821965338,-0.9529967901918915,3.129796297493995,0
2022-11-10 03:00:00,0.45189999999999997,0.46850668246648475,-1.6361162865207652,2.5128144124424967,0
2022-11-10 04:00:00,0.1531,0.08098349901242763,-1.811323673197583,2.2984176073490974,0
2022-11-10 05:00:00,0.7573,0.3691570885147444,-1.795409927700627,2.551050982817127,0
2022-11-10 06:00:00,1.4863,1.4388181360884067,-0.7065528360679827,3.390168982760152,0
2022-11-10 07:00:00,4.273,2.952821707498791,1.0296141636822358,5.103396232892411,0
2022-11-10 08:00:00,3.9026000000000005,4.352015856826699,2.1552208153534527,6.336513392370539,0
2022-11-10 09:00:00,4.6748,5.277494466490129,3.249446019786049,7.2181691832165304,0
2022-11-10 10:00:00,5.6257,5.799656109547185,3.8154236266256265,7.911528825297595,0
2022-11-10 11:00:00,5.1334,6.250917823822935,4.1053431126892415,8.26135190379779,0
2022-11-10 12:00:00,6.0478000000000005,6.843758208327688,4.665853142734922,9.029262634803269,0
2022-11-10 13:00:00,7.6899,7.456844721662225,5.523298055252291,9.533823864394307,0
2022-11-10 14:00:00,7.0562,7.7908569440546005,5.611648720449893,9.721554680353988,0
2022-11-10 15:00:00,6.747199999999999,7.71732045591456,5.554410160987147,9.63980453596747,0
2022-11-10 16:00:00,6.994000000000001,7.448876637240007,5.50449992148744,9.589058358916748,0
2022-11-10 17:00:00,6.3842,7.3430088251186225,5.375802746342933,9.384316998812423,0
2022-11-10 18:00:00,6.494299999999999,7.527910658466642,5.448506945844402,9.660097529861126,0
2022-11-10 19:00:00,7.6917,7.729104345711947,5.588352888316749,9.776361214560373,0
2022-11-10 20:00:00,8.8683,7.485192307837554,5.462530569013359,9.43299091936909,0
2022-11-10 21:00:00,6.9298,6.558132809180828,4.617168652107295,8.659834015732232,0
2022-11-10 22:00:00,5.0515,5.149114192182297,3.0553474184932545,7.1832398923072365,0
2022-11-10 23:00:00,3.2514000000000003,3.71978124659625,1.5475008362531564,5.755051174414725,0
2022-11-11 00:00:00,2.3312,2.602985727726067,0.44062439661882125,4.788234966064367,0
2022-11-11 01:00:00,1.6149,1.785426746054401,-0.4001352804848794,3.643016817904333,0
2022-11-11 02:00:00,1.1573,1.0612680908751235,-0.9152592211651805,3.160174262451321,0
2022-11-11 03:00:00,0.0887,0.37717707620006813,-1.6805419178971528,2.430621483884857,0
2022-11-11 04:00:00,0.23320000000000002,-0.004040340724174918,-2.129633146958667,2.054795341317932,0
2022-11-11 05:00:00,0.41569999999999996,0.2921504992167385,-1.5769553834550234,2.4825083897665636,0
2022-11-11 06:00:00,1.2854,1.3715605287991735,-0.9178597877132578,3.458823122270825,0
2022-11-11 07:00:00,3.6026999999999996,2.896840920512625,0.7081913595560352,4.916383415450473,0
2022-11-11 08:00:00,4.9202,4.309027908926934,2.132513921194969,6.541961831784626,0
2022-11-11 09:00:00,4.6606,5.249178223016189,3.2181007689581693,7.160222540545036,0
2022-11-11 10:00:00,5.7033000000000005,5.787633331484864,3.6374157057814456,7.978632056895353,0
2022-11-11 11:00:00,7.4608,6.256733195602724,4.146102441951295,8.250208945021262,0
2022-11-11 12:00:00,6.437399999999999,6.868859584930886,4.768161190904344,8.971767845006553,0
2022-11-11 13:00:00,8.5582,7.502563837088368,5.346557908284109,9.518112950330506,0
2022-11-11 14:00:00,7.943600000000001,7.85839082173476,5.740755470489538,9.888908787407876,0
2022-11-11 15:00:00,7.484699999999999,7.807713757112875,5.773610683550853,9.993428712405985,0
2022-11-11 16:00:00,8.3368,7.563005175981967,5.568323570644059,9.766217190858649,0
2022-11-11 17:00:00,8.216800000000001,7.481564467836643,5.186758252918762,9.771623214721256,0
2022-11-11 18:00:00,7.146599999999999,7.691387813385401,5.686663301182799,9.868932894359155,0
2022-11-11 19:00:00,8.3646,7.917788231115631,5.985340944099217,9.903921469685336,0
2022-11-11 20:00:00,7.0083,7.699149170145472,5.58749564292029,9.734380117238095,0
2022-11-11 21:00:00,7.4617,6.797202240925376,4.67219203752801,8.809662364068279,0
2022-11-11 22:00:00,4.645,5.412903678023846,3.161978925373106,7.400319241418875,0
2022-11-11 23:00:00,5.2067,4.007663040145667,1.8267489416120692,6.0381096738907205,0
2022-11-12 00:00:00,3.5044,2.914096136724501,0.7610680758027246,5.067362155639303,0
2022-11-12 01:00:00,1.3594,2.1186678768844383,0.051069787231915076,4.1390373491652275,0
2022-11-12 02:00:00,0.8729,1.4153120743621193,-0.7951239843816912,3.5706008489990486,0
2022-11-12 03:00:00,0.48229999999999995,0.7504727686247659,-1.3749134550387319,2.777722264399096,0
2022-11-12 04:00:00,0.19240000000000002,0.3867417851136148,-1.655238116464649,2.5079243992955127,0
2022-11-12 05:00:00,0.5997,0.6984511693240067,-1.3898204659059321,2.835419594217104,0
2022-11-12 06:00:00,1.0401,1.7912230516810377,-0.1886431436064535,3.8172222518377805,0
2022-11-12 07:00:00,1.6568999999999998,3.327535777876779,1.2119656638526157,5.231187814692946,0
2022-11-12 08:00:00,2.9865,4.7482707581161545,2.8015435518022866,6.793702358953653,0
2022-11-12 09:00:00,3.9687,5.694349756600521,3.5817716886057824,7.875149834047012,0
2022-11-12 10:00:00,5.875,6.236000803951354,4.208837979570878,8.262719906163566,0
2022-11-12 11:00:00,8.573599999999999,6.705473404525013,4.728955240081089,8.795790467328255,0
2022-11-12 12:00:00,9.021899999999999,7.31508307791154,5.085214767811198,9.324135339592617,0
2022-11-12 13:00:00,7.5200000000000005,7.94334009910024,5.787270398815151,9.968304484972368,0
2022-11-12 14:00:00,7.9282,8.29077418483734,6.199734235708073,10.277717121847479,0
2022-11-12 15:00:00,10.3012,8.228769764189405,6.029527239847381,10.058363482999704,1
2022-11-12 16:00:00,7.366099999999999,7.969837124138731,5.792018829400174,10.143556988568452,0
2022-11-12 17:00:00,8.5206,7.871339852355872,5.818475193871675,9.99428972761109,0
2022-11-12 18:00:00,9.8261,8.061364393159636,6.065912815470376,9.97515590021568,0
2022-11-12 19:00:00,7.7051,8.265339438998653,6.079460237020777,10.343963910827293,0
2022-11-12 20:00:00,5.5643,8.021788597478134,6.181515044376768,10.128063514035366,1
2022-11-12 21:00:00,6.39,7.0926069344966525,5.021906456408746,9.020036571225516,0
2022-11-12 22:00:00,5.8927,5.6789359997838496,3.564826721306614,7.829996419395413,0
2022-11-12 23:00:00,4.4667,4.242390854859123,1.992514143641095,6.3272799448492725,0
2022-11-13 00:00:00,5.2698,3.1158111104394024,0.8667872603791866,5.257345810394705,1
2022-11-13 01:00:00,4.249,2.2859016893071087,0.17804905974044707,4.362301452859023,0
2022-11-13 02:00:00,2.3418,1.5468503708031562,-0.5791769377775096,3.554083947854158,0
2022-11-13 03:00:00,0.7365999999999999,0.8453667008163084,-1.2168934226512875,3.1156036660928654,0
2022-11-13 04:00:00,0.8073,0.44431701800320944,-1.6546919579015145,2.469279353434917,0
2022-11-13 05:00:00,0.40080000000000005,0.7183142580680153,-1.3038288440987713,2.9248027985134817,0
2022-11-13 06:00:00,0.8445,1.7732651204014616,-0.2134729571069565,3.9740890355044662,0
2022-11-13 07:00:00,1.7567,3.2719334629756363,1.0962186113688492,5.399118768575861,0
2022-11-13 08:00:00,2.9335,4.65548440888472,2.4474871708883588,6.610163855267467,0
2022-11-13 09:00:00,4.6986,5.565118915246207,3.429346912596961,7.614613007853033,0
2022-11-13 10:00:00,4.9561,6.071337016438193,3.8850681581354323,8.15334284629772,0
2022-11-13 11:00:00,7.5059,6.506650444714971,4.414919024986483,8.585768194701267,0
2022-11-13 12:00:00,9.5506,7.08362469358972,4.866417090852344,9.151418118646601,1
2022-11-13 13:00:00,8.4834,7.681005416390105,5.669621743644438,9.883365888384319,0
2022-11-13 14:00:00,7.446600000000001,7.99954093248075,5.901395105445183,10.115553302010134,0
2022-11-13 15:00:00,10.745,7.910815502907768,5.859585287446572,9.976262132547667,1
2022-11-13 16:00:00,9.6817,7.627518686574145,5.423244484523938,9.694242314455712,0
2022-11-13 17:00:00,7.4786,7.507171218740743,5.434837308455028,9.533447537645241,0
2022-11-13 18:00:00,8.1486,7.67799324333736,5.558552097494127,9.708482264092384,0
2022-11-13 19:00:00,10.958499999999999,7.865522634913022,5.765269398465049,9.987577403767947,1
2022-11-13 20:00:00,6.9901,7.608366860391169,5.595252378218324,9.643031567501312,0
2022-11-13 21:00:00,7.958,6.668478988631156,4.489892102130316,8.671144327069548,0
2022-11-13 22:00:00,5.631499999999999,5.247032457895315,3.1046426761406183,7.415629299380313,0
2022-11-13 23:00:00,3.6899,3.805648121670294,1.6333520886622968,5.824360567505455,0
2022-11-14 00:00:00,2.3905,2.6771455792945615,0.6720153066059651,4.773517200918953,0
2022-11-14 01:00:00,1.1496,1.8481844986834601,-0.33022429730242747,3.8585734274602568,0
2022-11-14 02:00:00,0.7721,1.1128829820435344,-1.0420129540186358,3.2860043096595133,0
2022-11-14 03:00:00,0.7517,0.4178575454825566,-1.5838606115868854,2.526309132288872,0
2022-11-14 04:00:00,0.30970000000000003,0.025859447960194792,-2.120318331520591,2.0526476845913537,0
2022-11-14 05:00:00,0.3562,0.31136601612945913,-1.971081095957783,2.546719193725797,0
2022-11-14 06:00:00,1.3606,1.3801295291033564,-0.9453518052044928,3.530752251739799,0
2022-11-14 07:00:00,3.0443,2.894742507676675,0.7960683597428747,5.015865062968859,0
2022-11-14 08:00:00,5.4056,4.296183868015278,2.2580688554342805,6.21134004105404,0
2022-11-14 09:00:00,4.8047,5.225455665472555,3.106708102786647,7.314130285173868,0
2022-11-14 10:00:00,5.2162,5.752848614219191,3.8261031285272344,7.833627175751197,0
2022-11-14 11:00:00,6.4232,6.210657058497092,4.151637606162321,8.255695762610786,0
2022-11-14 12:00:00,7.4612,6.811223432989527,4.647014749143615,8.767675675662757,0
2022-11-14 13:00:00,8.381499999999999,7.43306707652793,5.437310960775025,9.37832272029505,0
2022-11-14 14:00:00,7.297699999999999,7.776709143541326,5.683149472744921,9.821771126329502,0
2022-11-14 15:00:00,7.768000000000001,7.7135082472722125,5.792181311219718,9.917318314882841,0
2022-11-14 16:00:00,7.0179,7.455932118850177,5.455245426896013,9.5860160694389,0
2022-11-14 17:00:00,7.861000000000001,7.361285698152598,5.4320098245009065,9.41347358928096,0
2022-11-14 18:00:00,6.507899999999999,7.557581463360048,5.598040878263015,9.475461035831644,0
2022-11-14 19:00:00,7.572699999999999,7.770159712077417,5.5755045246904125,9.785846417475337,0
2022-11-14 20:00:00,6.3968,7.537442223331437,5.455617218688745,9.554878437683858,0
2022-11-14 21:00:00,5.9152000000000005,6.621209889396524,4.521033894946243,8.630557281935983,0
2022-11-14 22:00:00,4.930199999999999,5.222478911313108,3.048542868096778,7.145090324469135,0
2022-11-14 23:00:00,2.6584,3.8027290648349745,1.5933575916011262,5.905341642838046,0
2022-11-15 00:00:00,2.8189,2.694656031740071,0.6079729081394561,5.032169428484677,0
2022-11-15 01:00:00,1.0354999999999999,1.8848134958159388,-0.17583838647769284,4.02170843591221,0
2022-11-15 02:00:00,0.5515000000000001,1.1672320483868437,-0.9775900742731837,3.264332047616248,0
2022-11-15 03:00:00,0.9865,0.4884594730411749,-1.736089600410244,2.540483911164571,0
2022-11-15 04:00:00,0.32999999999999996,0.1111971440971109,-1.8583363789695448,2.208443960851153,0
2022-11-15 05:00:00,0.7267,0.40989119041266875,-1.7491208297577256,2.575400947662874,0
2022-11-15 06:00:00,1.3828,1.4902809932923833,-0.5053908624615137,3.7874691348575658,0
2022-11-15 07:00:00,4.1174,3.0149638732411104,1.0709450752942744,5.1757121332725635,0
2022-11-15 08:00:00,5.0331,4.424940437345549,2.519516205329466,6.548653359249648,0
2022-11-15 09:00:00,4.6775,5.361250325461721,3.251713537016493,7.517214273466323,0
2022-11-15 10:00:00,5.6516,5.894236560274279,3.775645203660655,7.995747924170525,0
2022-11-15 11:00:00,5.7981,6.356259192700656,4.376027167198236,8.564509225280963,0
2022-11-15 12:00:00,6.5748,6.959738301655342,4.968623477712195,8.903653511238002,0
2022-11-15 13:00:00,6.871899999999999,7.583281234374486,5.578687540356362,9.62159081420502,0
2022-11-15 14:00:00,5.8231,7.927505853887121,5.924894785350122,10.137607941213716,1
2022-11-15 15:00:00,8.1869,7.86387445200026,5.816392241738229,9.926750846087927,0
2022-11-15 16:00:00,6.5746,7.604963636151711,5.52988562781313,9.65252221226449,0
2022-11-15 17:00:00,6.7896,7.508190630781716,5.429267989960109,9.565409278984365,0
2022-11-15 18:00:00,8.2647,7.70168182476597,5.734769413364507,9.752151250662168,0
2022-11-15 19:00:00,6.8373,7.910891302040746,5.878291333345646,10.094583051744754,0
2022-11-15 20:00:00,8.1653,7.674352808271841,5.734709108916668,9.78074918980338,0
2022-11-15 21:00:00,6.0291,6.753955765002344,4.677665540682459,8.860413856824588,0
2022-11-15 22:00:00,3.7736,5.350819946749068,3.2811273450991396,7.336531511861929,0
2022-11-15 23:00:00,3.6524,3.926522347094525,1.8518415440479852,6.050240958509476,0
2022-11-16 00:00:00,1.8059,2.813848245844116,0.8463767214483459,4.6534017711537565,0
2022-11-16 01:00:00,1.2216,1.9994321949348586,-0.04903853905211047,4.147449136008711,0
2022-11-16 02:00:00,0.5385,1.2773759788106416,-0.7552323116621894,3.334191547350916,0
2022-11-16 03:00:00,0.42769999999999997,0.5942881312565431,-1.3489335551849144,2.666470629454499,0
2022-11-16 04:00:00,0.2288,0.21291975244742378,-2.012964024209346,2.2951041793730687,0
2022-11-16 05:00:00,0.8494999999999999,0.507755282394073,-1.790779566873241,2.4361810065786798,0
2022-11-16 06:00:00,1.2153,1.5845608044239792,-0.6655696520323252,3.7078287495790403,0
2022-11-16 07:00:00,4.1371,3.1059487328854853,1.0693907603420534,5.209928747634342,0
2022-11-16 08:00:00,5.2058,4.512923354607256,2.288148391813811,6.664384138483134,0
2022-11-16 09:00:00,4.4564,5.446516959102309,3.396985875076078,7.520943971268523,0
2022-11-16 10:00:00,4.8199,5.977054752066095,3.880311061265795,8.014050604232494,0
2022-11-16 11:00:00,5.947799999999999,6.436869236459243,4.343424592314339,8.688268269075314,0
2022-11-16 12:00:00,6.5333000000000006,7.038344106259179,4.9361222216603755,9.195207199812428,0
2022-11-16 13:00:00,6.5870999999999995,7.660042524834385,5.477769401570653,9.684894280930308,0
2022-11-16 14:00:00,8.2342,8.00253153768472,5.887792373964195,9.91609861550074,0
2022-11-16 15:00:00,8.5341,7.937217260002818,5.813702146284466,9.935760323513481,0
2022-11-16 16:00:00,7.1675,7.676616127236632,5.5273962552090605,9.797167517046496,0
2022-11-16 17:00:00,5.393599999999999,7.578082628087303,5.534403677105719,9.675949451847293,1
2022-11-16 18:00:00,9.0221,7.76967932959759,5.651117809010884,9.913631265686593,0
2022-11-16 19:00:00,8.6777,7.976728587940945,5.963985155669903,9.97161559229432,0
2022-11-16 20:00:00,14.793,7.737770977883066,5.538954081211114,9.861015737861601,1
2022-11-16 21:00:00,8.8293,6.814637823117713,4.766652649292378,8.854350381111088,0
2022-11-16 22:00:00,5.8934,5.408395625913461,3.2945418395800354,7.368462991388712,0
2022-11-16 23:00:00,6.4001,3.9805742974594063,1.877103066998669,6.126567117821072,1
2022-11-17 00:00:00,3.6345,2.8639194996669235,0.733706421057103,4.973385448248028,0
2022-11-17 01:00:00,1.4771,2.0450347962760533,0.03121796549477535,3.991915463293058,0
2022-11-17 02:00:00,0.8027,1.3180006502555401,-0.7322726087586681,3.345234393420895,0
2022-11-17 03:00:00,0.6721999999999999,0.6294148325341657,-1.386888094332063,2.62852194435683,0
2022-11-17 04:00:00,0.6939,0.24202897085949893,-1.9439926389762847,2.4130396949055446,0
2022-11-17 05:00:00,0.38259999999999994,0.5303398821418401,-1.4195753890371103,2.7683494377638307,0
2022-11-17 06:00:00,1.6951,1.6001382514953693,-0.43357804029860625,3.654020463554989,0
2022-11-17 07:00:00,3.7338,3.114073504206626,0.898898823726122,5.230467997294591,0
2022-11-17 08:00:00,7.0621,4.513199334833271,2.6366031395317093,6.876837553212824,1
2022-11-17 09:00:00,7.1607,5.438609625794823,3.4274007782938605,7.626534349451496,0
2022-11-17 10:00:00,7.4350000000000005,5.960702950151127,3.844198244340338,7.925484862010932,0
2022-11-17 11:00:00,7.5427,6.411896345727879,4.31067466715811,8.61679351348256,0
2022-11-17 12:00:00,6.0629,7.004668411533355,4.85924830797606,9.009289962594424,0
2022-11-17 13:00:00,6.869,7.617686606167691,5.689412623432712,9.61256820542746,0
2022-11-17 14:00:00,7.387,7.951630509858117,5.860225202832186,10.108631573404933,0
2022-11-17 15:00:00,7.7016,7.878025703017192,5.722739467459411,10.041967823786129,0
2022-11-17 16:00:00,8.1487,7.609513565642551,5.513027749248175,9.621543487074453,0
2022-11-17 17:00:00,8.1556,7.503577434822567,5.376477020613218,9.60924930585853,0
2022-11-17 18:00:00,7.6871,7.688292375005425,5.501800145218967,9.716082158415828,0
2022-11-17 19:00:00,8.1445,7.889299169084001,5.714392619013181,10.079896948622126,0
2022-11-17 20:00:00,8.8971,7.645200238072998,5.800293007263439,9.743774020277234,0
2022-11-17 21:00:00,5.055,6.717953846217449,4.643447880421877,8.849033637053777,0
2022-11-17 22:00:00,3.7706,5.308748336051283,3.1565844817979896,7.525078112063467,0
2022-11-17 23:00:00,2.7181,3.8792284973002396,1.9150991703129319,6.012623424728924,0
2022-11-18 00:00:00,2.7325000000000004,2.7622460853178863,0.8753689743640439,4.992823064258877,0
2022-11-18 01:00:00,1.3871,1.9445002104291218,-0.31369533958298745,4.098699687413852,0
2022-11-18 02:00:00,0.611,1.2201546620847927,-0.7909332449519354,3.308255112110148,0
2022-11-18 03:00:00,0.5619000000000001,0.5358767542434668,-1.617397303338017,2.470108810800651,0
2022-11-18 04:00:00,0.3278,0.15447244415622752,-1.872582116313947,2.0900383657030996,0
2022-11-18 05:00:00,0.45740000000000003,0.4504763891938719,-1.5850406079362571,2.4184476842715292,0
2022-11-18 06:00:00,1.5685,1.5296995238738833,-0.5916604427219647,3.767583465259398,0
2022-11-18 07:00:00,4.1339,3.0547930206829155,0.962077787860912,5.105632680011928,0
2022-11-18 08:00:00,4.48,4.466793114190729,2.2591463107439136,6.527332265283507,0
2022-11-18 09:00:00,5.1082,5.406756533372977,3.3580238660634993,7.488516186294422,0
2022-11-18 10:00:00,6.2262,5.945024746935355,3.77076543634603,8.069165844811195,0
2022-11-18 11:00:00,6.9267,6.41393771614837,4.218232087371236,8.474691779604072,0
2022-11-18 12:00:00,5.8369,7.025877210571974,4.944497749463596,9.318300338738826,0
2022-11-18 13:00:00,8.3133,7.6593945678239805,5.543400050544958,9.766907573938648,0
2022-11-18 14:00:00,6.9453,8.015034657563385,6.080055664835792,10.064783944361803,0
2022-11-18 15:00:00,12.484,7.964170698035538,5.970404754471952,10.116935201563106,1
2022-11-18 16:00:00,9.1447,7.719190517365389,5.525932882026824,9.93170335819576,0
2022-11-18 17:00:00,8.1652,7.637478209683208,5.560727316263246,9.668162211009184,0
2022-11-18 18:00:00,7.7338000000000005,7.847029955694143,5.658891659541369,9.852388273263614,0
2022-11-18 19:00:00,9.286200000000001,8.073158773884984,6.0406808171924125,10.157359331366116,0
2022-11-18 20:00:00,8.0599,7.85424811337276,5.656761348003414,9.993597680793517,0
2022-11-18 21:00:00,5.571400000000001,6.952029584611582,4.810395219962702,9.151430575739377,0
2022-11-18 22:00:00,4.4624,5.5674594221709945,3.3818228757693873,7.702973660229756,0
2022-11-18 23:00:00,4.3266,4.1619471847566185,2.0558372459296224,6.329381903988298,0
2022-11-19 00:00:00,2.7346,3.0681086817982894,1.0875532700933146,5.042788981205162,0
2022-11-19 01:00:00,2.1334,2.2724088224203687,0.13892064068335608,4.180566239433009,0
2022-11-19 02:00:00,1.1193,1.5687814203590218,-0.44214855033784656,3.531235304489281,0
2022-11-19 03:00:00,0.7074,0.9036705150835775,-1.2219452524097638,3.041233591582604,0
2022-11-19 04:00:00,0.2232,0.5396679317680233,-1.4910271604954308,2.5804631649918504,0
2022-11-19 05:00:00,0.48300000000000004,0.8511057161344162,-1.2835776726731805,2.860645519128979,0
2022-11-19 06:00:00,0.7022999999999999,1.9436059987283572,-0.17036831168905114,4.078621617788143,0
2022-11-19 07:00:00,1.7009,3.479647125118378,1.5545136081405446,5.629616033801463,0
2022-11-19 08:00:00,5.525399999999999,4.9001105055490415,2.7372501128434266,6.920016882546921,0
2022-11-19 09:00:00,6.1559,5.8459179042254545,3.856261386847237,7.927668249738797,0
2022-11-19 10:00:00,6.5793,6.387297351769556,4.242359876030212,8.479685125421195,0
2022-11-19 11:00:00,8.835,6.856498352537411,4.798672067426881,8.957605334317257,0
2022-11-19 12:00:00,8.4361,7.465836426117647,5.231930185629112,9.481784409942325,0
2022-11-19 13:00:00,8.1821,8.093821847499523,5.936727254243722,10.270147086722588,0
2022-11-19 14:00:00,8.151,8.44098433342879,6.361905585022547,10.566268276578361,0
2022-11-19 15:00:00,7.2569,8.378578788935874,6.234580304963847,10.592741063167534,0
2022-11-19 16:00:00,9.3314,8.119245025054223,6.101911150730191,10.07729691086037,0
2022-11-19 17:00:00,8.523399999999999,8.020346629415828,5.897677863861023,9.958587324162302,0
2022-11-19 18:00:00,6.989800000000001,8.209970046377068,6.219409896993985,10.397160432559627,0
2022-11-19 19:00:00,6.1763,8.413543968370984,6.33231695614407,10.608089519752529,1
2022-11-19 20:00:00,8.187800000000001,8.169592003004546,6.148853858453332,10.28478147559363,0
2022-11-19 21:00:00,7.658899999999999,7.240009216177049,5.196815078238495,9.339583461138803,0
2022-11-19 22:00:00,5.758600000000001,5.8259371576197125,3.8358935711782585,7.85167397957006,0
2022-11-19 23:00:00,3.858,4.388990888851724,2.221669209109365,6.571135577957997,0
2022-11-20 00:00:00,3.0546999999999995,3.262010020590062,1.26533044865376,5.194485361413557,0
2022-11-20 01:00:00,2.9304,2.4316994756150083,0.40863487416581334,4.626755471771452,0
2022-11-20 02:00:00,1.5877000000000001,1.6922470330877277,-0.4367306920910745,3.8338645335595944,0
2022-11-20 03:00:00,0.6881999999999999,0.9903622390786371,-1.0765380144233094,3.09827937801576,0
2022-11-20 04:00:00,0.8812,0.5889114322448306,-1.4675596350081443,2.754786402396009,0
2022-11-20 05:00:00,0.7096,0.8625075482913571,-1.2695885989849602,2.9319300135933553,0
2022-11-20 06:00:00,0.5853,1.9170572866049613,-0.22608604503344432,4.034070173213909,0
2022-11-20 07:00:00,2.3889,3.4153245051572556,1.244308818971787,5.536961911652181,0
2022-11-20 08:00:00,3.982,4.798474327041404,2.592982006510615,6.962531148342468,0
2022-11-20 09:00:00,5.2041,5.7077077093782425,3.658226473492965,7.754224140158247,0
2022-11-20 10:00:00,7.774800000000001,6.213524686546546,4.128487563611151,8.396400336168021,0
2022-11-20 11:00:00,7.196899999999999,6.648436990802036,4.449088314302831,8.616723960443153,0
2022-11-20 12:00:00,6.158200000000001,7.225010115653639,4.983347346988179,9.300406437752393,0
2022-11-20 13:00:00,6.9928,7.821827101267898,5.856263995420229,9.822061722208485,0
2022-11-20 14:00:00,7.840300000000001,8.139798880170243,6.031971509863032,10.262811172483715,0
2022-11-20 15:00:00,7.3017,8.050509713409848,6.115332736346385,10.095938811071889,0
2022-11-20 16:00:00,10.212499999999999,7.766649159890015,5.612636833689914,9.834894982254553,1
2022-11-20 17:00:00,7.1233,7.645737954870005,5.525289845965028,9.680270533473703,0
2022-11-20 18:00:00,10.827,7.815996242283207,5.747491008003449,10.001558102094979,1
2022-11-20 19:00:00,10.604199999999999,8.00296189667128,6.055732687698941,10.15876659507834,1
2022-11-20 20:00:00,8.9588,7.745242384960957,5.6116972500353075,9.927178163940846,0
2022-11-20 21:00:00,7.3029,6.804790776080978,4.757503329194051,8.9419622588091,0
2022-11-20 22:00:00,4.9834,5.38278050808963,3.4954938102995765,7.515959005892511,0
2022-11-20 23:00:00,5.2838,3.9408324346784336,1.9451650012599857,5.952648223055758,0
2022-11-21 00:00:00,3.3601,2.81176615505736,0.6386479046287447,4.826514744120415,0
2022-11-21 01:00:00,2.3766,1.9822413372400551,-0.09789816261166562,3.9812364652851464,0
2022-11-21 02:00:00,1.6555,1.2463760833120476,-0.9346335121416538,3.3321775361845054,0
2022-11-21 03:00:00,0.29450000000000004,0.5507869095040459,-1.518784086201013,2.735375186407408,0
2022-11-21 04:00:00,0.5559,0.15822507473618952,-1.858698131780623,2.2463855983612553,0
2022-11-21 05:00:00,0.6274,0.44316790566150477,-1.7230439959176156,2.5488550378806423,0
2022-11-21 06:00:00,1.123,1.5113676813895363,-0.7327196776570302,3.7069846675537956,0
2022-11-21 07:00:00,1.9638,3.0254169227173198,0.9309133426834377,5.087820139248676,0
2022-11-21 08:00:00,2.9452,4.426294545807141,2.530041187204603,6.4161937417951584,0
2022-11-21 09:00:00,4.5626999999999995,5.355002606014989,3.1749911850186545,7.560159034557111,0
2022-11-21 10:00:00,4.1102,5.8818318175131585,3.9112354521435466,8.157444471350596,0
2022-11-21 11:00:00,7.4557,6.338880381215466,4.2294516793972585,8.485820347221425,0
2022-11-21 12:00:00,9.6579,6.9386868751321416,4.895532433092148,9.07156979902408,1
2022-11-21 13:00:00,10.5433,7.5597706380937275,5.259105163000603,9.518507733920202,1
2022-11-21 14:00:00,9.1634,7.902652824529927,6.020860953954233,10.0824627991984,0
2022-11-21 15:00:00,8.2412,7.83869204768337,5.677155843055268,9.960679655636534,0
2022-11-21 16:00:00,7.229799999999999,7.580356038685093,5.455982434747036,9.783087691314703,0
2022-11-21 17:00:00,7.220000000000001,7.484949737412296,5.352614569846076,9.640256150321559,0
2022-11-21 18:00:00,6.2581,7.6804856220444595,5.694466321598773,9.78608102708947,0
2022-11-21 19:00:00,7.078799999999999,7.892303990184773,5.780854641907677,9.823804901744824,0
2022-11-21 20:00:00,13.7207,7.658826620860619,5.5601712647665105,9.642243601281322,1
2022-11-21 21:00:00,6.1096,6.741834406347238,4.590272941843445,8.737614826537747,0
2022-11-21 22:00:00,5.631600000000001,5.342343547686837,3.3297736205874595,7.292742298557615,0
2022-11-21 23:00:00,3.6803,3.921833820920134,1.9121790526627853,6.043403004593241,0
2022-11-22 00:00:00,1.3611,2.8130009075387354,0.5335677766707839,4.823109032643981,0
2022-11-22 01:00:00,2.2951,2.0023984913265602,0.13113412069073707,4.092711110686537,0
2022-11-22 02:00:00,1.6602,1.284057163648563,-0.7998581432681959,3.311099987639049,0
2022-11-22 03:00:00,1.0547,0.6045247079750089,-1.484298011158283,2.790417491260732,0
2022-11-22 04:00:00,0.4292,0.22650249874427253,-1.9505298940773779,2.2701313546957467,0
2022-11-22 05:00:00,0.5372,0.5244366647745471,-1.6084732985337047,2.5790757665964765,0
2022-11-22 06:00:00,2.0171,1.6040665872915834,-0.466066393717863,3.781367320246312,0
2022-11-22 07:00:00,4.3754,3.127989587029255,1.056965787923912,5.237502112737003,0
2022-11-22 08:00:00,5.534000000000001,4.537206270843532,2.356810242808541,6.564233067023713,0
2022-11-22 09:00:00,5.4284,5.472756278669328,3.4085842354770204,7.502011429905557,0
2022-11-22 10:00:00,4.92,6.004917943974663,3.927739220809858,7.9682263983474595,0
2022-11-22 11:00:00,5.726,6.4661160068947385,4.431955502558832,8.52852790043611,0
2022-11-22 12:00:00,6.0384,7.068770546343787,5.071490734481505,9.28153300176145,0
2022-11-22 13:00:00,7.445400000000001,7.691488909556378,5.719653467243368,9.768688886342607,0
2022-11-22 14:00:00,8.7775,8.03488895956146,5.932075390334691,10.2394071074074,0
2022-11-22 15:00:00,8.795,7.970432988166928,5.880235134753135,9.957372701361352,0
2022-11-22 16:00:00,7.6748,7.710697602812363,5.521406164919537,9.834613210411192,0
2022-11-22 17:00:00,6.819399999999999,7.613100027937184,5.841449742707226,9.718127235764054,0
2022-11-22 18:00:00,7.744,7.805766652415956,5.649444604943701,9.771108563078592,0
2022-11-22 19:00:00,6.314500000000001,8.014151560183686,5.97182324066642,10.00662515922518,0
2022-11-22 20:00:00,8.8064,7.776788496907564,5.732019355638968,9.898871315386968,0
2022-11-22 21:00:00,5.3725000000000005,6.855566884196081,4.671660041411942,8.948586978439037,0
2022-11-22 22:00:00,4.6136,5.451606496503104,3.331371066461128,7.529428421864341,0
2022-11-22 23:00:00,4.3607,4.026484327410114,1.8677903532114908,6.1679276163057,0
2022-11-23 00:00:00,2.4013,2.91298565672236,0.7442718081516735,5.050755288856972,0
2022-11-23 01:00:00,1.7792000000000001,2.0977450363750694,-0.014313277851737138,4.162948781660336,0
2022-11-23 02:00:00,1.9246,1.374864250812391,-0.7277726879372932,3.4734712251686912,0
2022-11-23 03:00:00,0.7408,0.6909518338207814,-1.2865707858325737,2.670108044032948,0
2022-11-23 04:00:00,0.8285,0.30875888557412967,-1.787156250165103,2.473740125060904,0
2022-11-23 05:00:00,0.8689,0.60276984608522,-1.4485875290743275,2.576094061742123,0
2022-11-23 06:00:00,1.9848999999999999,1.6787507986791277,-0.568135653206392,3.830043743348128,0
2022-11-23 07:00:00,4.6606,3.199314157702637,1.0853186838713182,5.126105832597662,0
2022-11-23 08:00:00,5.3568999999999996,4.605464209687944,2.52110935892604,6.67687765888165,0
2022-11-23 09:00:00,5.2473,5.5382332444474995,3.360851760318882,7.591581330520013,0
2022-11-23 10:00:00,7.191800000000001,6.0679464676759105,4.131193401783653,8.105231772136872,0
2022-11-23 11:00:00,7.2291,6.526936382306067,4.379428411570315,8.736106116707866,0
2022-11-23 12:00:00,7.6008,7.127586682400974,5.150683670700548,9.260775629747254,0
2022-11-23 13:00:00,6.6761,7.748460531241494,5.582587996169984,9.83002223685826,0
2022-11-23 14:00:00,8.1494,8.090124974356144,5.994521547834089,10.1296343619046,0
2022-11-23 15:00:00,9.409600000000001,8.023986126937594,6.057377316548827,10.082059480805414,0
2022-11-23 16:00:00,8.308800000000002,7.762560424438094,5.8547498876027495,9.791283340029553,0
2022-11-23 17:00:00,6.9845,7.6632023555558755,5.540204916317694,9.732627190780887,0
2022-11-23 18:00:00,7.1735999999999995,7.853974487317073,5.753599351445727,9.835328379795737,0
2022-11-23 19:00:00,9.388200000000001,8.060267496532953,5.95329036731288,10.132687897161015,0
2022-11-23 20:00:00,6.9087,7.820553637330741,5.659451140814834,9.868961605649579,0
2022-11-23 21:00:00,5.3934999999999995,6.89666423342088,4.807505473506597,9.04746285099035,0
2022-11-23 22:00:00,3.498,5.489665787156196,3.417485564023979,7.505959688683183,0
2022-11-23 23:00:00,4.1171,4.061088209478347,1.8671726323911633,6.098581984913046,0
2022-11-24 00:00:00,2.6888,2.9436771625451073,0.7662084577941579,4.951660213432412,0
2022-11-24 01:00:00,2.1696999999999997,2.1240362100127856,-0.035135208755800194,4.03969829456286,0
2022-11-24 02:00:00,0.6576,1.3962458148497965,-0.6847416469125125,3.4955547723504794,0
2022-11-24 03:00:00,0.5908,0.7069037479871554,-1.3629457389585427,2.755508255805853,0
2022-11-24 04:00:00,0.2949,0.3187616371719777,-1.661356060812488,2.3549983053808177,0
2022-11-24 05:00:00,0.5787,0.6063162993154014,-1.3995659192479781,2.6905368733123742,0
2022-11-24 06:00:00,1.1522999999999999,1.6753584195295703,-0.4432107577282921,3.593283058680545,0
2022-11-24 07:00:00,3.865,3.188537423099472,1.207263819202526,5.226438790040757,0
2022-11-24 08:00:00,5.4434000000000005,4.586907004582813,2.3714529682045917,6.56979614399344,0
2022-11-24 09:00:00,6.0785,5.511561046400783,3.492231728622026,7.590057923849994,0
2022-11-24 10:00:00,8.4899,6.032898121614347,4.083120788578402,8.254549464338162,1
2022-11-24 11:00:00,8.5597,6.4833352680482355,4.248545784265132,8.66765497748551,0
2022-11-24 12:00:00,5.476999999999999,7.075351084712169,4.950608374187943,9.142721797226686,0
2022-11-24 13:00:00,7.8779,7.687613030204048,5.763404089187884,9.846554390921586,0
2022-11-24 14:00:00,7.4573,8.020800684751244,5.831535730815384,9.88878999250544,0
2022-11-24 15:00:00,7.2813,7.94643962876661,5.834941203819264,10.046310997041228,0
2022-11-24 16:00:00,6.1797,7.677171242250256,5.707349625985071,9.678502773011052,0
2022-11-24 17:00:00,8.045300000000001,7.570478862289216,5.40842683932048,9.62963204862274,0
2022-11-24 18:00:00,7.4077,7.754556127796766,5.7298680240068425,9.899142475291919,0
2022-11-24 19:00:00,6.4978,7.954925247198471,5.9454401644296295,10.018703660744992,0
2022-11-24 20:00:00,6.7399,7.71018864151007,5.447210657935171,9.808858489516064,0
2022-11-24 21:00:00,5.5802,6.7823045749748045,4.727503420341713,8.894382513199778,0
2022-11-24 22:00:00,5.4347,5.3724613901322265,3.354830937300784,7.415529188734534,0
2022-11-24 23:00:00,3.3809,3.9423038767780207,1.9062612652336965,5.989729494794886,0
2022-11-25 00:00:00,1.8995,2.8246837900485056,0.7034843322582464,4.782166029483875,0
2022-11-25 01:00:00,1.5240999999999998,2.0063002404843857,-0.14463144626368757,4.07863249257883,0
2022-11-25 02:00:00,1.5622,1.2813170174640036,-0.9402074202218977,3.3588934851992285,0
2022-11-25 03:00:00,0.6741999999999999,0.5964014349810594,-1.4677772184048676,2.556472573879238,0
2022-11-25 04:00:00,0.093,0.21435945018580593,-1.8361473920276408,2.252236989630342,0
2022-11-25 05:00:00,0.37,0.5097257205513808,-1.3308047048844094,2.684086847786858,0
2022-11-25 06:00:00,1.0442,1.5883111805573318,-0.5726381292834265,3.605431934192926,0
2022-11-25 07:00:00,3.2321,3.11276700260419,1.0014782909057534,5.196071742201493,0
2022-11-25 08:00:00,3.9625,4.524129421521785,2.4291052984622112,6.6175931668760315,0
2022-11-25 09:00:00,4.8743,5.4634551660259945,3.470793997588636,7.6668222884654,0
2022-11-25 10:00:00,8.2961,6.001085704911298,3.875670733769999,8.188621019408336,1
2022-11-25 11:00:00,7.6114,6.469360999448558,4.396229399980648,8.568074777566176,0
2022-11-25 12:00:00,5.9101,7.0806628191972765,5.061944989506554,9.182603045659514,0
2022-11-25 13:00:00,7.781499999999999,7.713542501772315,5.738616534772572,9.816728772137726,0
2022-11-25 14:00:00,7.6427,8.068544916834371,6.012906421245165,10.248772227843952,0
2022-11-25 15:00:00,8.8323,8.017043282629288,6.015422118244368,10.111132999959779,0
2022-11-25 16:00:00,7.397399999999999,7.771510131916445,5.725807988081634,9.874604154082197,0
2022-11-25 17:00:00,6.5329,7.689244854190852,5.444437057217494,9.76194622861328,0
2022-11-25 18:00:00,6.3401,7.898243630160092,5.803399170900128,10.011723359911514,0
2022-11-25 19:00:00,6.342499999999999,8.123819478307814,6.02567737768853,10.285877939313028,0
2022-11-25 20:00:00,6.8728,7.904355847751426,5.940205302345041,10.136187673671058,0
2022-11-25 21:00:00,6.9444,7.001584348945222,4.861941470538285,9.120148233024048,0
2022-11-25 22:00:00,7.1234,5.61646121646109,3.4732040715392607,7.771530814727592,0
2022-11-25 23:00:00,5.3297,4.210396009004842,2.037910441897498,6.151854082470327,0
2022-11-26 00:00:00,5.2381,3.116004536004222,0.874339692014048,5.276593884830534,0
2022-11-26 01:00:00,2.8175,2.3197517065852034,0.4180333944169588,4.415280946428999,0
2022-11-26 02:00:00,1.7201,1.6155713344815545,-0.48070094354577336,3.706866662489237,0
2022-11-26 03:00:00,0.5871,0.9499074591638417,-1.2711877941521947,3.142743702576806,0
2022-11-26 04:00:00,0.41169999999999995,0.5853519058075394,-1.4938162186263717,2.6483089327387765,0
2022-11-26 05:00:00,0.6234999999999999,0.8962367201340156,-1.2104793816735835,2.982997283272434,0
2022-11-26 06:00:00,0.7114,1.9881840326883222,-0.3490495038329956,4.057015458460172,0
2022-11-26 07:00:00,1.5445,3.523672189035266,1.4299436494209559,5.660900103155673,0
2022-11-26 08:00:00,4.268599999999999,4.943582599356129,2.8228225700113687,6.919724074123088,0
2022-11-26 09:00:00,6.7324,5.888837028054601,3.9369742745477283,7.956812635559533,0
2022-11-26 10:00:00,5.7257,6.429663505554933,4.427736933961407,8.576426804849515,0
2022-11-26 11:00:00,9.917300000000001,6.898311536280051,4.7168251994949,9.034047965552029,1
2022-11-26 12:00:00,9.232099999999999,7.507096639781935,5.340084771661048,9.640748256533994,0
2022-11-26 13:00:00,11.056000000000001,8.134529091156994,6.17673636153647,10.268810908982832,1
2022-11-26 14:00:00,10.4605,8.481138607042215,6.426593089527381,10.543423913069407,0
2022-11-26 15:00:00,6.5383,8.418309616542608,6.212626017737555,10.426961085011973,0
2022-11-26 16:00:00,6.990499999999999,8.158552406655367,6.141535261795958,10.289762873862127,0
2022-11-26 17:00:00,6.181900000000001,8.059230565012555,5.75559448124804,10.187241230039115,0
2022-11-26 18:00:00,7.8705,8.2484305359691,6.084891902246237,10.219355210653257,0
2022-11-26 19:00:00,8.9868,8.451581011954978,6.466948623017224,10.603056914234694,0
2022-11-26 20:00:00,12.0518,8.20720560058241,6.048506611601527,10.116508051688852,1
2022-11-26 21:00:00,6.9641,7.277199367747097,5.276904303741028,9.371353980524209,0
2022-11-26 22:00:00,8.348600000000001,5.862703863183425,3.7321423633890456,7.929749676915925,1
2022-11-26 23:00:00,5.5132,4.425334148410777,2.3007610139863885,6.514327244108301,0
2022-11-27 00:00:00,3.7692,3.2979298341447674,1.1941413182720733,5.456507773284345,0
2022-11-27 01:00:00,3.1632,2.467195843165111,0.35270677988913235,4.426798409815112,0
2022-11-27 02:00:00,1.3455,1.7273199546336495,-0.386937056319245,3.709680100744681,0
2022-11-27 03:00:00,0.8768,1.0250117146196303,-1.036506820195247,3.086269165353193,0
2022-11-27 04:00:00,0.5931,0.6231374617824166,-1.4505309254894796,2.718653307635725,0
2022-11-27 05:00:00,0.4226,0.8963101318260112,-1.1409194850440745,2.9662225061639598,0
2022-11-27 06:00:00,0.5352,1.9504364241363756,-0.267010726873487,4.165589910475929,0
2022-11-27 07:00:00,1.7534,3.4482801966837133,1.3032972465563644,5.502109393400279,0
2022-11-27 08:00:00,2.7800000000000002,4.831006572560833,2.9385523536093103,6.8020365171715635,1
2022-11-27 09:00:00,3.8786,5.739816508890226,3.6563089225995373,7.667090690052783,0
2022-11-27 10:00:00,4.8618999999999994,6.245210040052056,4.126332378758377,8.429439985222892,0
2022-11-27 11:00:00,4.4533,6.679698898302398,4.6249143499795,8.750020404537997,1
2022-11-27 12:00:00,5.1863,7.255848577150056,5.2725958564654025,9.518172245386085,1
2022-11-27 13:00:00,8.150400000000001,7.852404729921204,5.944972587575649,9.760960978099154,0
2022-11-27 14:00:00,7.8049,8.170115675980348,6.05723376371617,10.324172698765045,0
2022-11-27 15:00:00,7.7763,8.08056567637686,5.807653735360407,10.140540387666686,0
2022-11-27 16:00:00,11.5297,7.796444290015138,5.519160512359735,9.741617671147425,1
2022-11-27 17:00:00,8.3431,7.6752722521546275,5.559785695910668,9.64712595750097,0
2022-11-27 18:00:00,8.3266,7.845269706726526,5.648067807036747,9.993021703920936,0
2022-11-27 19:00:00,8.0765,8.031974528272638,5.942629712728598,10.07005285474877,0
2022-11-27 20:00:00,6.623799999999999,7.7739941837173365,5.597711374191617,9.962516903266478,0
2022-11-27 21:00:00,6.763,6.833281741993153,4.727042582175306,8.889543255263186,0
2022-11-27 22:00:00,6.2663,5.411010641159083,3.4585540410297337,7.465561779214869,0
2022-11-27 23:00:00,3.7594000000000003,3.968801734906928,1.6850014460734541,5.982006238850074,0
2022-11-28 00:00:00,2.072,2.8394746224987024,0.6929685194539766,4.925869000752443,0
2022-11-28 01:00:00,1.9555,2.009688971788342,-0.10147869663948918,4.049999588348694,0
2022-11-28 02:00:00,0.782,1.2735628850172187,-0.9349367494602098,3.430625026755084,0
2022-11-28 03:00:00,0.41350000000000003,0.5777128783676213,-1.5387438767809347,2.583216294511483,0
2022-11-28 04:00:00,0.2148,0.18489021076640189,-1.812268958089126,2.1697991872128655,0
2022-11-28 05:00:00,0.22610000000000002,0.4695722088465244,-1.5845467943550589,2.604384799580246,0
2022-11-28 06:00:00,1.2791,1.5375111517354325,-0.5723362521728459,3.6313321588551197,0
2022-11-28 07:00:00,4.2994,3.0512995602220947,0.8863722596085628,5.140688217972292,0
2022-11-28 08:00:00,5.2941,4.451916350468294,2.3423916545271517,6.473760510511762,0
2022-11-28 09:00:00,4.325,5.3803635778317735,3.225093798097371,7.6230738956879875,0
2022-11-28 10:00:00,4.9277,5.90693195648755,3.86999607382638,8.14478985886498,0
2022-11-28 11:00:00,5.8543,6.36391583067757,4.081711662576813,8.56170388109928,0
2022-11-28 12:00:00,5.7309,6.963657635081535,4.8072718878341645,8.984001469069499,0
2022-11-28 13:00:00,7.155000000000001,7.584676708529493,5.502434286568825,9.573110294087687,0
2022-11-28 14:00:00,8.944600000000001,7.927494205450313,5.894092129990809,9.94245124791826,0
2022-11-28 15:00:00,8.7005,7.863468739090157,5.783662480965188,9.921371237606829,0
2022-11-28 16:00:00,8.1074,7.605068040577724,5.430210639570527,9.670878138804039,0
2022-11-28 17:00:00,7.8988,7.5095970497936335,5.452827515781472,9.614477297784209,0
2022-11-28 18:00:00,7.107200000000001,7.705068244913296,5.63343828455642,9.714467812828998,0
2022-11-28 19:00:00,7.2717,7.916821923539533,5.684141877341244,10.022847539921893,0
2022-11-28 20:00:00,7.4883999999999995,7.68327986469984,5.588875042508487,9.679406591163342,0
2022-11-28 21:00:00,5.0556,6.766222960670585,4.541662253154101,8.925208609429319,0
2022-11-28 22:00:00,2.8848,5.366667412496441,3.266891067344991,7.291042318519644,1
2022-11-28 23:00:00,5.124700000000001,3.946092996217231,1.7424818594546223,6.138271737581281,0
2022-11-29 00:00:00,5.430499999999999,2.8371953933240053,0.7404335285504218,4.925705794203868,1
2022-11-29 01:00:00,2.3621,2.0265282875993096,-0.01674347857192739,4.101183540228415,0
2022-11-29 02:00:00,0.5791,1.3081222704085533,-0.7512071892530093,3.464722716900672,0
2022-11-29 03:00:00,0.23,0.6285251252217794,-1.44017271840292,2.7085658325511206,0
2022-11-29 04:00:00,,0.2504382264804761,-1.9702914846983945,2.2408088643489417,0
2022-11-29 05:00:00,,0.5483077029610053,-1.5185250144519518,2.4728678872479306,0
2022-11-29 06:00:00,,1.6278729360063893,-0.47258675924115484,3.6845150546822754,0
2022-11-29 07:00:00,,3.151731246231546,1.0957965757284338,5.144829960596516,0
2022-11-29 08:00:00,,4.560883240531233,2.571399681329292,6.500241227933616,0
2022-11-29 09:00:00,,5.4963685588034235,3.4405417722452047,7.430756388992251,0
2022-11-29 10:00:00,,6.028530223849484,4.013133423989147,8.316807432904795,0
2022-11-29 11:00:00,,6.489728286475199,4.314032705110881,8.59755697470294,0
2022-11-29 12:00:00,,7.092382825629197,5.008595366317268,9.065081000768842,0
2022-11-29 13:00:00,,7.715101188516462,5.679269020650838,9.893580372169547,0
2022-11-29 14:00:00,,8.058501238254399,6.005130619842186,10.070922085336518,0
2022-11-29 15:00:00,,7.994045266562995,6.184115030974783,10.169297804891949,0
2022-11-29 16:00:00,,7.734309880912688,5.6145596813963525,9.952494757422896,0
2022-11-29 17:00:00,,7.6367123057429875,5.727841079340344,9.803483651014277,0
2022-11-29 18:00:00,,7.829378929926854,5.690678194444506,9.923479083839856,0
2022-11-29 19:00:00,,8.037763837398106,5.893365910000904,10.110370781600782,0
2022-11-29 20:00:00,,7.800400773822878,5.647365601489927,9.987967788267753,0
2022-11-29 21:00:00,,6.879179160813949,4.786226424057401,8.990084353801993,0
2022-11-29 22:00:00,,5.475218772824166,3.4131497794547,7.537169228961341,0
2022-11-29 23:00:00,,4.05009660343709,1.958117326088146,6.129776426787374,0
2022-11-30 00:00:00,,2.936597932455101,1.0398509777024483,5.0643386510149115,0
2022-11-30 01:00:00,,2.1213573118128846,0.09516343158291249,4.263460692638221,0
2022-11-30 02:00:00,,1.3984765259553091,-0.6733163018250333,3.471279479982189,0
2022-11-30 03:00:00,,0.7145641086679184,-1.257364814757226,2.8491543610463603,0
2022-11-30 04:00:00,,0.3323711601281678,-1.7710655583268815,2.4096189726968666,0
2022-11-30 05:00:00,,0.6263821203461992,-1.5575342006755557,2.7940018585134614,0
2022-11-30 06:00:00,,1.7023630726471901,-0.4036293703528349,3.747411528543847,0
2022-11-30 07:00:00,,3.2229264313757833,1.0938984912008745,5.451366033599199,0
2022-11-30 08:00:00,,4.629076483359818,2.522293206531951,6.710448965862703,0
2022-11-30 09:00:00,,5.561845518116925,3.522037443413247,7.625345238705903,0
2022-11-30 10:00:00,,6.091558741344738,4.036270477356246,8.282897446636712,0
2022-11-30 11:00:00,,6.550548655975171,4.6191467833466575,8.59262650625928,0
2022-11-30 12:00:00,,7.151198956070642,4.946629695853209,9.154606691911837,0
2022-11-30 13:00:00,,7.772072804910806,5.706782677737542,9.81412173817603,0
2022-11-30 14:00:00,,8.113737248016461,6.0218922673400295,10.261982716599118,0
2022-11-30 15:00:00,,8.04759840060428,5.962403866846276,10.03125400017856,0
2022-11-30 16:00:00,,7.786172698103776,5.821417714030278,9.982175064767228,0
2022-11-30 17:00:00,,7.686814629223486,5.766908439638363,9.799250399937526,0
2022-11-30 18:00:00,,7.877586760985545,5.9061003427707055,10.04309722620696,0
2022-11-30 19:00:00,,8.083879770200575,5.97610208376177,10.196986999546771,0
2022-11-30 20:00:00,,7.844165910995352,5.630592535374798,9.858311397650878,0
2022-11-30 21:00:00,,6.920276507083137,4.934015272613083,8.976256262569743,0
2022-11-30 22:00:00,,5.513278060817582,3.523239347711008,7.719528607622792,0
2022-11-30 23:00:00,,4.084700483139462,2.001430321262628,6.17159953245425,0
2022-12-01 00:00:00,,2.9672894362086257,0.884442807464883,5.02326262111349,0
2022-12-01 01:00:00,,2.1476484837184127,0.04007401556515596,4.234520873638422,0
2022-12-01 02:00:00,,1.419858088514217,-0.6172893725939008,3.5469166983955938,0
2022-12-01 03:00:00,,0.7305160216519493,-1.2968210563706397,2.853565291330324,0
2022-12-01 04:00:00,,0.3423739108386714,-1.6499003720079297,2.518043907407299,0
2022-12-01 05:00:00,,0.6299285729859427,-1.469793878299196,2.681554714945205,0
2022-12-01 06:00:00,,1.6989706932021695,-0.5393693925607428,3.781779773967463,0
2022-12-01 07:00:00,,3.2121496967732757,1.1828488718107166,5.16626911335782,0
2022-12-01 08:00:00,,4.610519278254449,2.580366342929909,6.629831135134009,0
2022-12-01 09:00:00,,5.535173320070409,3.3706063577627177,7.662197060251993,0
2022-12-01 10:00:00,,6.05651039528293,4.068093582304061,8.089821450660715,0
2022-12-01 11:00:00,,6.506947541717858,4.329947801474248,8.520187005659766,0
2022-12-01 12:00:00,,7.098963358381599,5.069586964976891,9.516831578075827,0
2022-12-01 13:00:00,,7.711225303873388,5.748298673085478,10.016737451520722,0
2022-12-01 14:00:00,,8.044412958418743,5.989727995163748,9.993294083489088,0
2022-12-01 15:00:00,,7.970051902432822,5.660878356317266,10.052803310594008,0
2022-12-01 16:00:00,,7.700783515916381,5.616262300423116,9.739210806840125,0
2022-12-01 17:00:00,,7.5940911359563135,5.727999871748694,9.647625627091482,0
2022-12-01 18:00:00,,7.778168401465338,5.8320814647418535,10.012672199369568,0
2022-12-01 19:00:00,,7.978537520865361,5.901665626405414,10.145120207260835,0
2022-12-01 20:00:00,,7.733800915174616,5.381441353865361,9.734199225884804,0
2022-12-01 21:00:00,,6.805916848637003,4.752843099590329,9.058615894660344,0
2022-12-01 22:00:00,,5.3960736637935645,3.364752174543903,7.45163670274787,0
2022-12-01 23:00:00,,3.965916150440393,1.7988267474928623,6.009885395472173,0
2022-12-02 00:00:00,,2.848296063712445,0.8939452248838642,5.035462598810979,0
2022-12-02 01:00:00,,2.029912514149339,-0.13992442138663871,4.0333451216730705,0
2022-12-02 02:00:00,,1.3049292911285368,-0.7673551906825234,3.345841188219035,0
2022-12-02 03:00:00,,0.6200137086452413,-1.4496276374611554,2.7798745593034178,0
2022-12-02 04:00:00,,0.23797172385184684,-1.9840144847678465,2.302607419489923,0
2022-12-02 05:00:00,,0.5333379942210508,-1.6120580321160964,2.529899190086247,0
2022-12-02 06:00:00,,1.611923454152226,-0.4861288315983226,3.712353240105016,0
2022-12-02 07:00:00,,3.136379276277321,1.0309043078120141,5.217760336684182,0
2022-12-02 08:00:00,,4.547741695193572,2.5290636211092394,6.483266101838118,0
2022-12-02 09:00:00,,5.487067439695797,3.5246286642302795,7.777714477833089,0
2022-12-02 10:00:00,,6.024697978554946,3.7968584537285244,8.296509533333866,0
2022-12-02 11:00:00,,6.492973273118425,4.355117031492107,8.528727063965814,0
2022-12-02 12:00:00,,7.104275092866962,4.9189508347111515,9.097009490588167,0
2022-12-02 13:00:00,,7.737154775441756,5.575766626139945,9.82969032091845,0
2022-12-02 14:00:00,,8.092157190500917,6.125520334676613,10.017986848188674,0
2022-12-02 15:00:00,,8.040655556294526,5.861214062117784,10.004668480373516,0
2022-12-02 16:00:00,,7.7951224055815835,5.7334926389737095,9.892253320381593,0
2022-12-02 17:00:00,,7.712857127858466,5.592498891097023,9.719312062828077,0
2022-12-02 18:00:00,,7.921855903828574,5.808687927787297,10.070884364279296,0
2022-12-02 19:00:00,,8.147431751975212,6.0868783550944805,10.273964880977111,0
2022-12-02 20:00:00,,7.92796812141678,5.822432834390168,9.994133422910595,0
2022-12-02 21:00:00,,7.025196622608248,5.048949297531944,9.055460607410481,0
2022-12-02 22:00:00,,5.640073490123267,3.5372791398234975,7.793820832825002,0
2022-12-02 23:00:00,,4.234008282666767,2.0993641531860403,6.352376730674083,0
2022-12-03 00:00:00,,3.1396168096685493,1.0577392582888372,5.245715849551674,0
2022-12-03 01:00:00,,2.3433639802496673,0.14538654145102872,4.344090813061531,0
2022-12-03 02:00:00,,1.6391836081464528,-0.4838842170752262,3.733287627405081,0
2022-12-03 03:00:00,,0.973519732829133,-1.0472702091999342,2.8953699222020757,0
2022-12-03 04:00:00,,0.6089641794747473,-1.3457130586389623,2.716750875165855,0
2022-12-03 05:00:00,,0.9198489938039005,-1.202064770112018,2.8818974024870365,0
2022-12-03 06:00:00,,2.011796306360041,0.02669903301725212,4.056935731616976,0
2022-12-03 07:00:00,,3.5472844627085105,1.374757548531881,5.591265697714732,0
2022-12-03 08:00:00,,4.967194873027975,2.8851643290902462,7.059947530310212,0
2022-12-03 09:00:00,,5.912449301724409,3.7750166363962037,7.761757740110193,0
2022-12-03 10:00:00,,6.4532757792236675,4.379893682411026,8.440155022799196,0
2022-12-03 11:00:00,,6.9219238099197185,4.749931727612106,9.0184266521294,0
2022-12-03 12:00:00,,7.53070891345117,5.588166830832304,9.59924207428754,0
2022-12-03 13:00:00,,8.15814136482578,5.970663630777236,10.198511210999415,0
2022-12-03 14:00:00,,8.504750880710127,6.506165860128377,10.682202552202405,0
2022-12-03 15:00:00,,8.44192189022121,6.431761191433892,10.555679415011477,0
2022-12-03 16:00:00,,8.182164680321826,6.09533889552793,10.221684793543943,0
2022-12-03 17:00:00,,8.082842838679941,5.8918385114329945,10.168021311907037,0
2022-12-03 18:00:00,,8.27204280963711,6.336820183917703,10.305977717866154,0
2022-12-03 19:00:00,,8.475193285622142,6.495024307476487,10.604148888575013,0
2022-12-03 20:00:00,,8.230817874247883,6.112059890843863,10.421851224716034,0
2022-12-03 21:00:00,,7.300811641409544,5.146187280421927,9.352546038919984,0
2022-12-03 22:00:00,,5.886316136844803,3.8937521599546523,7.993780686300568,0
2022-12-03 23:00:00,,4.448946422073808,2.4032429353037656,6.4495070921922775,0
2022-12-04 00:00:00,,3.321542107809217,1.4137171306293546,5.459159428024248,0
2022-12-04 01:00:00,,2.490808116830285,0.39117536076444165,4.560576349283682,0
2022-12-04 02:00:00,,1.7509322282975002,-0.25643574862427715,3.861386492455174,0
2022-12-04 03:00:00,,1.0486239882849135,-0.9958514794977702,3.0066234826306473,0
2022-12-04 04:00:00,,0.6467497354485312,-1.3845933954928402,2.6861167321256914,0
2022-12-04 05:00:00,,0.9199224054952291,-1.076457956375211,2.981266873310043,0
2022-12-04 06:00:00,,1.974048697808262,-0.13831895263087923,4.088795198260178,0
2022-12-04 07:00:00,,3.4718924703562752,1.3197344541319296,5.6388137253224535,0
2022-12-04 08:00:00,,4.854618846232358,2.8016509026487477,6.92667998952465,0
2022-12-04 09:00:00,,5.763428782559357,3.608986402377007,7.857178979234783,0
2022-12-04 10:00:00,,6.268822313721392,4.249033951891629,8.546379895172157,0
2022-12-04 11:00:00,,6.703311171971135,4.658230377710501,8.59490611728684,0
2022-12-04 12:00:00,,7.279460850819328,5.069998805852208,9.420324619561466,0
2022-12-04 13:00:00,,7.876017003590095,5.812412056251235,9.929623255631787,0
2022-12-04 14:00:00,,8.193727949647853,6.076142160589692,10.222563580023087,0
2022-12-04 15:00:00,,8.104177950042699,6.058986274979825,10.406961689790903,0
2022-12-04 16:00:00,,7.820056563681282,5.817399706036707,10.013999298520101,0
2022-12-04 17:00:00,,7.698884525821546,5.693560938960888,9.901157632803203,0
2022-12-04 18:00:00,,7.868881980394166,5.602091169834736,9.945441357053223,0
2022-12-04 19:00:00,,8.055586801939436,5.943091531290694,9.995884507617342,0
2022-12-04 20:00:00,,7.797606457416372,5.645966981806418,9.879567813351658,0
2022-12-04 21:00:00,,6.856894015656962,4.809300169041173,8.917746656920913,0
2022-12-04 22:00:00,,5.434622914821567,3.477165057044274,7.445013842874258,0
2022-12-04 23:00:00,,3.9924140085691384,1.9029538868996536,6.015464202142942,0
2022-12-05 00:00:00,,2.8630868961621463,0.7122248166576058,5.046534161390146,0
2022-12-05 01:00:00,,2.0333012454524213,0.0887649857086867,4.128379460209115,0
2022-12-05 02:00:00,,1.2971751586812323,-0.8724739376703414,3.3945212298743144,0
2022-12-05 03:00:00,,0.6013251520324374,-1.4685533462642002,2.5741410589471525,0
2022-12-05 04:00:00,,0.20850248443275365,-1.8441963163224089,2.297765067400691,0
2022-12-05 05:00:00,,0.4931844825160132,-1.7149503791730465,2.415866536121848,0
2022-12-05 06:00:00,,1.5611234254076178,-0.4101097592864437,3.6734430336502406,0
2022-12-05 07:00:00,,3.074911833809183,1.1053646079977004,5.112037346631907,0
2022-12-05 08:00:00,,4.475528624140178,2.321290911145683,6.591746071529752,0
2022-12-05 09:00:00,,5.403975851502508,3.321735547390694,7.512595858417225,0
2022-12-05 10:00:00,,5.930544230157133,3.780457593013069,8.114229663333512,0
2022-12-05 11:00:00,,6.3875281043467345,4.115301592985279,8.593025044859468,0
2022-12-05 12:00:00,,6.987269908751264,4.8825136676894205,9.041736287179866,0
2022-12-05 13:00:00,,7.608288982198862,5.437902498097466,9.679108170289068,0
2022-12-05 14:00:00,,7.951106479117893,5.904265228373359,10.095596423514472,0
2022-12-05 15:00:00,,7.887081012755415,5.646636367824825,9.978884255904998,0
2022-12-05 16:00:00,,7.62868031424401,5.450669834413785,9.75272347908868,0
2022-12-05 17:00:00,,7.533209323460927,5.388638979031696,9.566068294355384,0
2022-12-05 18:00:00,,7.7286805185812995,5.6250466769589185,9.702301727700522,0
2022-12-05 19:00:00,,7.940434197206681,5.847020011252095,10.044114837236332,0
2022-12-05 20:00:00,,7.70689213836495,5.682672814846106,9.703330045098285,0
2022-12-05 21:00:00,,6.789835234333286,4.7631779697408465,8.953863803148325,0
2022-12-05 22:00:00,,5.390279686157522,3.3066638136701765,7.336331719754113,0
2022-12-05 23:00:00,,3.9697052698798228,1.9683314893048929,6.01261475199652,0
2022-12-06 00:00:00,,2.860807666987897,0.7341860046746282,5.012988900718821,0
2022-12-06 01:00:00,,2.0501405612638117,-0.23146327428764182,4.159963197648125,0
2022-12-06 02:00:00,,1.3317345440729613,-0.8772377451338051,3.4918763406022144,0
2022-12-06 03:00:00,,0.6521373988873229,-1.2980304533894436,2.7646777189878082,0
