y,ds
0.10186666666666666,2023-08-03 01:02:36.663644605
0.08106666666666666,2023-08-03 02:05:13.327289210
0.041666666666666664,2023-08-03 03:07:49.990933815
0.04239999999999999,2023-08-03 04:10:26.654578420
0.09063333333333334,2023-08-03 05:13:03.318223025
0.43566666666666665,2023-08-03 06:15:39.981867630
0.7335666666666668,2023-08-03 07:18:16.645512235
1.3085000000000002,2023-08-03 08:20:53.309156840
1.5046333333333333,2023-08-03 09:23:29.972801445
1.5606666666666669,2023-08-03 10:26:06.636446050
1.0990333333333335,2023-08-03 11:28:43.300090655
0.7681000000000001,2023-08-03 12:31:19.963735260
0.5517333333333334,2023-08-03 13:33:56.627379865
0.6242666666666667,2023-08-03 14:36:33.291024470
0.7816333333333333,2023-08-03 15:39:09.954669075
0.7910666666666667,2023-08-03 16:41:46.618313680
0.7178666666666668,2023-08-03 17:44:23.281958285
0.6600000000000001,2023-08-03 18:46:59.945602890
0.7899333333333334,2023-08-03 19:49:36.609247495
0.7291,2023-08-03 20:52:13.272892100
0.6880333333333333,2023-08-03 21:54:49.936536705
0.6009333333333334,2023-08-03 22:57:26.600181310
0.6003333333333334,2023-08-04 00:00:03.263825915
0.5253666666666668,2023-08-04 01:02:39.927470520
0.5099000000000001,2023-08-04 02:05:16.591115125
0.45193333333333346,2023-08-04 03:07:53.254759730
0.3071333333333334,2023-08-04 04:10:29.918404335
0.15786666666666674,2023-08-04 05:13:06.582048940
0.33583333333333343,2023-08-04 06:15:43.245693545
0.44003333333333344,2023-08-04 07:18:19.909338150
0.9084,2023-08-04 08:20:56.572982755
1.0683,2023-08-04 09:23:33.236627360
1.3095333333333334,2023-08-04 10:26:09.900271965
1.2179,2023-08-04 11:28:46.563916570
1.1803666666666668,2023-08-04 12:31:23.227561175
1.0311000000000001,2023-08-04 13:33:59.891205780
0.7734333333333333,2023-08-04 14:36:36.554850385
0.6195333333333334,2023-08-04 15:39:13.218494990
0.553,2023-08-04 16:41:49.882139595
0.5659333333333334,2023-08-04 17:44:26.545784200
0.6166333333333334,2023-08-04 18:47:03.209428805
0.7213000000000002,2023-08-04 19:49:39.873073410
0.7200333333333334,2023-08-04 20:52:16.536718015
0.5861666666666667,2023-08-04 21:54:53.200362620
0.43370000000000003,2023-08-04 22:57:29.864007225
0.3698333333333334,2023-08-05 00:00:06.527651830
0.43960000000000005,2023-08-05 01:02:43.191296435
0.7909666666666668,2023-08-05 02:05:19.854941040
0.9014000000000001,2023-08-05 03:07:56.518585645
0.8887,2023-08-05 04:10:33.182230250
0.5214333333333334,2023-08-05 05:13:09.845874855
0.3687,2023-08-05 06:15:46.509519460
0.33223333333333344,2023-08-05 07:18:23.173164065
0.24913333333333343,2023-08-05 08:20:59.836808670
0.2651333333333334,2023-08-05 09:23:36.500453275
0.2784666666666667,2023-08-05 10:26:13.164097880
0.37520000000000003,2023-08-05 11:28:49.827742485
0.4542000000000001,2023-08-05 12:31:26.491387090
0.35866666666666674,2023-08-05 13:34:03.155031695
0.3385000000000001,2023-08-05 14:36:39.818676300
0.26300000000000007,2023-08-05 15:39:16.482320905
0.40886666666666677,2023-08-05 16:41:53.145965510
0.4479666666666667,2023-08-05 17:44:29.809610115
0.4278000000000001,2023-08-05 18:47:06.473254720
0.37686666666666674,2023-08-05 19:49:43.136899325
0.5765000000000001,2023-08-05 20:52:19.800543930
0.6372333333333334,2023-08-05 21:54:56.464188535
0.6579,2023-08-05 22:57:33.127833140
0.4141000000000001,2023-08-06 00:00:09.791477745
0.33196666666666674,2023-08-06 01:02:46.455122350
0.2605666666666668,2023-08-06 02:05:23.118766955
0.19206666666666675,2023-08-06 03:07:59.782411560
0.16780000000000006,2023-08-06 04:10:36.446056165
0.07623333333333342,2023-08-06 05:13:13.109700770
0.07880000000000008,2023-08-06 06:15:49.773345375
0.1277333333333334,2023-08-06 07:18:26.436989980
0.21453333333333338,2023-08-06 08:21:03.100634585
0.20890000000000009,2023-08-06 09:23:39.764279190
0.33670000000000005,2023-08-06 10:26:16.427923795
0.30860000000000004,2023-08-06 11:28:53.091568400
0.42676666666666674,2023-08-06 12:31:29.755213005
0.32350000000000007,2023-08-06 13:34:06.418857610
0.34936666666666677,2023-08-06 14:36:43.082502215
0.34936666666666677,2023-08-06 15:39:19.746146820
0.5256333333333334,2023-08-06 16:41:56.409791425
0.763,2023-08-06 17:44:33.073436030
0.9467,2023-08-06 18:47:09.737080635
0.9113666666666665,2023-08-06 19:49:46.400725240
0.7148,2023-08-06 20:52:23.064369845
0.5057,2023-08-06 21:54:59.728014450
0.3988333333333333,2023-08-06 22:57:36.391659055
0.4490333333333334,2023-08-07 00:00:13.055303660
0.6152666666666667,2023-08-07 01:02:49.718948265
0.6411666666666667,2023-08-07 02:05:26.382592870
0.4782666666666666,2023-08-07 03:08:03.046237475
0.236,2023-08-07 04:10:39.709882080
0.19366666666666665,2023-08-07 05:13:16.373526685
0.22076666666666667,2023-08-07 06:15:53.037171290
0.16936666666666667,2023-08-07 07:18:29.700815895
0.09593333333333333,2023-08-07 08:21:06.364460500
0.07516666666666667,2023-08-07 09:23:43.028105105
0.19210000000000002,2023-08-07 10:26:19.691749710
0.5637,2023-08-07 11:28:56.355394315
0.8590333333333334,2023-08-07 12:31:33.019038920
0.9863666666666667,2023-08-07 13:34:09.682683525
0.9244,2023-08-07 14:36:46.346328130
0.9921333333333333,2023-08-07 15:39:23.009972735
0.9987,2023-08-07 16:41:59.673617340
0.969,2023-08-07 17:44:36.337261945
0.9878,2023-08-07 18:47:13.000906550
0.9806,2023-08-07 19:49:49.664551155
1.0075,2023-08-07 20:52:26.328195760
0.8359666666666666,2023-08-07 21:55:02.991840365
0.8344666666666666,2023-08-07 22:57:39.655484970
0.6869999999999999,2023-08-08 00:00:16.319129575
0.5714666666666667,2023-08-08 01:02:52.982774180
0.3976,2023-08-08 02:05:29.646418785
0.5781666666666667,2023-08-08 03:08:06.310063390
0.49920000000000003,2023-08-08 04:10:42.973707995
0.7190333333333334,2023-08-08 05:13:19.637352600
0.5786333333333333,2023-08-08 06:15:56.300997205
0.5868666666666668,2023-08-08 07:18:32.964641810
0.3177666666666667,2023-08-08 08:21:09.628286415
0.08479999999999999,2023-08-08 09:23:46.291931020
0.13173333333333334,2023-08-08 10:26:22.955575625
0.21119999999999997,2023-08-08 11:28:59.619220230
0.3946,2023-08-08 12:31:36.282864835
0.4660333333333333,2023-08-08 13:34:12.946509440
0.7073,2023-08-08 14:36:49.610154045
0.8789333333333333,2023-08-08 15:39:26.273798650
1.1611333333333334,2023-08-08 16:42:02.937443255
1.3319,2023-08-08 17:44:39.601087860
1.1954666666666667,2023-08-08 18:47:16.264732465
0.8944666666666667,2023-08-08 19:49:52.928377070
0.6553333333333333,2023-08-08 20:52:29.592021675
0.6163666666666666,2023-08-08 21:55:06.255666280
0.6780666666666667,2023-08-08 22:57:42.919310885
0.5346333333333333,2023-08-09 00:00:19.582955490
0.46186666666666665,2023-08-09 01:02:56.246600095
0.41786666666666666,2023-08-09 02:05:32.910244700
0.4591333333333334,2023-08-09 03:08:09.573889305
0.43276666666666674,2023-08-09 04:10:46.237533910
0.35216666666666674,2023-08-09 05:13:22.901178515
0.23743333333333339,2023-08-09 06:15:59.564823120
0.1474333333333334,2023-08-09 07:18:36.228467725
0.09466666666666672,2023-08-09 08:21:12.892112330
0.05163333333333337,2023-08-09 09:23:49.555756935
0.08173333333333337,2023-08-09 10:26:26.219401540
0.12603333333333336,2023-08-09 11:29:02.883046145
0.2770000000000001,2023-08-09 12:31:39.546690750
0.6127666666666667,2023-08-09 13:34:16.210335355
0.8172666666666667,2023-08-09 14:36:52.873979960
0.8941333333333334,2023-08-09 15:39:29.537624565
0.8895666666666667,2023-08-09 16:42:06.201269170
0.9899333333333334,2023-08-09 17:44:42.864913775
1.0758,2023-08-09 18:47:19.528558380
0.8306666666666667,2023-08-09 19:49:56.192202985
0.6569333333333335,2023-08-09 20:52:32.855847590
0.5457666666666667,2023-08-09 21:55:09.519492195
0.5452333333333335,2023-08-09 22:57:46.183136800
0.4449333333333334,2023-08-10 00:00:22.846781405
0.39300000000000007,2023-08-10 01:02:59.510426010
0.41983333333333345,2023-08-10 02:05:36.174070615
0.3866333333333334,2023-08-10 03:08:12.837715220
0.4484333333333334,2023-08-10 04:10:49.501359825
0.48676666666666674,2023-08-10 05:13:26.165004430
0.5125333333333334,2023-08-10 06:16:02.828649035
0.4443000000000001,2023-08-10 07:18:39.492293640
0.28130000000000005,2023-08-10 08:21:16.155938245
0.1994666666666667,2023-08-10 09:23:52.819582850
0.062033333333333406,2023-08-10 10:26:29.483227455
0.04496666666666674,2023-08-10 11:29:06.146872060
0.06560000000000006,2023-08-10 12:31:42.810516665
0.29426666666666673,2023-08-10 13:34:19.474161270
0.5173000000000001,2023-08-10 14:36:56.137805875
0.8381333333333334,2023-08-10 15:39:32.801450480
0.7862,2023-08-10 16:42:09.465095085
0.7835666666666667,2023-08-10 17:44:46.128739690
0.7298666666666668,2023-08-10 18:47:22.792384295
0.7476666666666668,2023-08-10 19:49:59.456028900
0.6241000000000001,2023-08-10 20:52:36.119673505
0.5080000000000001,2023-08-10 21:55:12.783318110
0.5310666666666668,2023-08-10 22:57:49.446962715
0.6583333333333334,2023-08-11 00:00:26.110607320
0.6394666666666667,2023-08-11 01:03:02.774251925
0.4787666666666668,2023-08-11 02:05:39.437896530
0.3901000000000001,2023-08-11 03:08:16.101541135
0.30320000000000014,2023-08-11 04:10:52.765185740
0.2886666666666668,2023-08-11 05:13:29.428830345
0.2313666666666668,2023-08-11 06:16:06.092474950
0.2080000000000001,2023-08-11 07:18:42.756119555
0.3181000000000001,2023-08-11 08:21:19.419764160
0.28936666666666677,2023-08-11 09:23:56.083408765
0.24766666666666678,2023-08-11 10:26:32.747053370
0.2249000000000001,2023-08-11 11:29:09.410697975
0.24820000000000011,2023-08-11 12:31:46.074342580
0.3167000000000001,2023-08-11 13:34:22.737987185
0.4685333333333334,2023-08-11 14:36:59.401631790
0.7219000000000001,2023-08-11 15:39:36.065276395
0.9047333333333335,2023-08-11 16:42:12.728921000
0.8670666666666668,2023-08-11 17:44:49.392565605
0.8710333333333334,2023-08-11 18:47:26.056210210
0.8648666666666668,2023-08-11 19:50:02.719854815
1.0425666666666669,2023-08-11 20:52:39.383499420
1.0792333333333335,2023-08-11 21:55:16.047144025
1.0079333333333336,2023-08-11 22:57:52.710788630
0.9290666666666668,2023-08-12 00:00:29.374433235
0.7707,2023-08-12 01:03:06.038077840
0.6984,2023-08-12 02:05:42.701722445
0.42670000000000013,2023-08-12 03:08:19.365367050
0.27563333333333345,2023-08-12 04:10:56.029011655
0.21356666666666682,2023-08-12 05:13:32.692656260
0.15546666666666684,2023-08-12 06:16:09.356300865
0.1573666666666668,2023-08-12 07:18:46.019945470
0.14600000000000016,2023-08-12 08:21:22.683590075
0.1868333333333335,2023-08-12 09:23:59.347234680
0.16246666666666681,2023-08-12 10:26:36.010879285
0.15856666666666683,2023-08-12 11:29:12.674523890
0.11086666666666682,2023-08-12 12:31:49.338168495
0.07273333333333348,2023-08-12 13:34:26.001813100
0.04456666666666681,2023-08-12 14:37:02.665457705
0.07063333333333349,2023-08-12 15:39:39.329102310
0.14440000000000017,2023-08-12 16:42:15.992746915
0.25550000000000017,2023-08-12 17:44:52.656391520
0.2522333333333335,2023-08-12 18:47:29.320036125
0.3076333333333335,2023-08-12 19:50:05.983680730
0.3289666666666668,2023-08-12 20:52:42.647325335
0.3780333333333335,2023-08-12 21:55:19.310969940
0.38030000000000014,2023-08-12 22:57:55.974614545
0.35330000000000017,2023-08-13 00:00:32.638259150
0.5262333333333334,2023-08-13 01:03:09.301903755
0.46886666666666676,2023-08-13 02:05:45.965548360
0.39790000000000014,2023-08-13 03:08:22.629192965
0.2041333333333335,2023-08-13 04:10:59.292837570
0.2365666666666668,2023-08-13 05:13:35.956482175
0.5853666666666668,2023-08-13 06:16:12.620126780
0.5531000000000001,2023-08-13 07:18:49.283771385
0.682,2023-08-13 08:21:25.947415990
0.4113666666666668,2023-08-13 09:24:02.611060595
0.4028666666666669,2023-08-13 10:26:39.274705200
0.25450000000000017,2023-08-13 11:29:15.938349805
0.16606666666666683,2023-08-13 12:31:52.601994410
0.13530000000000017,2023-08-13 13:34:29.265639015
0.048400000000000165,2023-08-13 14:37:05.929283620
0.02780000000000017,2023-08-13 15:39:42.592928225
0.048733333333333496,2023-08-13 16:42:19.256572830
0.09526666666666683,2023-08-13 17:44:55.920217435
0.2471333333333335,2023-08-13 18:47:32.583862040
0.3065666666666669,2023-08-13 19:50:09.247506645
0.3836666666666668,2023-08-13 20:52:45.911151250
0.3023000000000002,2023-08-13 21:55:22.574795855
0.30726666666666685,2023-08-13 22:57:59.238440460
0.3184333333333335,2023-08-14 00:00:35.902085065
0.36420000000000025,2023-08-14 01:03:12.565729670
0.3779333333333335,2023-08-14 02:05:49.229374275
0.3650333333333335,2023-08-14 03:08:25.893018880
0.2582000000000002,2023-08-14 04:11:02.556663485
0.23050000000000018,2023-08-14 05:13:39.220308090
0.19096666666666684,2023-08-14 06:16:15.883952695
0.29603333333333354,2023-08-14 07:18:52.547597300
0.3370333333333335,2023-08-14 08:21:29.211241905
0.28983333333333355,2023-08-14 09:24:05.874886510
0.20286666666666686,2023-08-14 10:26:42.538531115
0.16600000000000018,2023-08-14 11:29:19.202175720
0.15153333333333352,2023-08-14 12:31:55.865820325
0.13470000000000018,2023-08-14 13:34:32.529464930
0.058966666666666855,2023-08-14 14:37:09.193109535
0.19266666666666685,2023-08-14 15:39:45.856754140
0.22030000000000016,2023-08-14 16:42:22.520398745
0.4238333333333335,2023-08-14 17:44:59.184043350
0.7205333333333336,2023-08-14 18:47:35.847687955
1.1050666666666669,2023-08-14 19:50:12.511332560
1.2498000000000002,2023-08-14 20:52:49.174977165
0.9471000000000003,2023-08-14 21:55:25.838621770
0.7928333333333336,2023-08-14 22:58:02.502266375
0.7820666666666668,2023-08-15 00:00:39.165910980
0.9778000000000002,2023-08-15 01:03:15.829555585
1.0284000000000002,2023-08-15 02:05:52.493200190
0.9105000000000002,2023-08-15 03:08:29.156844795
0.8442666666666669,2023-08-15 04:11:05.820489400
0.6758333333333336,2023-08-15 05:13:42.484134005
0.6063333333333336,2023-08-15 06:16:19.147778610
0.5070333333333336,2023-08-15 07:18:55.811423215
0.4150000000000002,2023-08-15 08:21:32.475067820
0.4973666666666669,2023-08-15 09:24:09.138712425
0.4155666666666669,2023-08-15 10:26:45.802357030
0.47053333333333364,2023-08-15 11:29:22.466001635
0.4914666666666669,2023-08-15 12:31:59.129646240
0.5608333333333336,2023-08-15 13:34:35.793290845
0.5128666666666669,2023-08-15 14:37:12.456935450
0.2726666666666669,2023-08-15 15:39:49.120580055
0.2523333333333336,2023-08-15 16:42:25.784224660
0.23536666666666686,2023-08-15 17:45:02.447869265
0.3424000000000002,2023-08-15 18:47:39.111513870
0.6461333333333336,2023-08-15 19:50:15.775158475
0.9026000000000002,2023-08-15 20:52:52.438803080
1.1524333333333334,2023-08-15 21:55:29.102447685
1.066666666666667,2023-08-15 22:58:05.766092290
1.017466666666667,2023-08-16 00:00:42.429736895
0.9332333333333337,2023-08-16 01:03:19.093381500
1.0048333333333337,2023-08-16 02:05:55.757026105
1.1891000000000005,2023-08-16 03:08:32.420670710
1.1528000000000003,2023-08-16 04:11:09.084315315
0.937866666666667,2023-08-16 05:13:45.747959920
0.5795000000000002,2023-08-16 06:16:22.411604525
0.46833333333333366,2023-08-16 07:18:59.075249130
0.4200000000000003,2023-08-16 08:21:35.738893735
0.3675000000000003,2023-08-16 09:24:12.402538340
0.29213333333333363,2023-08-16 10:26:49.066182945
0.29203333333333364,2023-08-16 11:29:25.729827550
0.2807000000000003,2023-08-16 12:32:02.393472155
0.6830333333333337,2023-08-16 13:34:39.057116760
0.7609000000000004,2023-08-16 14:37:15.720761365
0.7451333333333335,2023-08-16 15:39:52.384405970
0.35533333333333356,2023-08-16 16:42:29.048050575
0.13413333333333363,2023-08-16 17:45:05.711695180
0.2872333333333336,2023-08-16 18:47:42.375339785
0.3615000000000003,2023-08-16 19:50:19.038984390
0.8050666666666669,2023-08-16 20:52:55.702628995
0.9318000000000004,2023-08-16 21:55:32.366273600
1.0116333333333338,2023-08-16 22:58:09.029918205
0.8977000000000004,2023-08-17 00:00:45.693562810
0.787666666666667,2023-08-17 01:03:22.357207415
0.901066666666667,2023-08-17 02:05:59.020852020
0.7843000000000003,2023-08-17 03:08:35.684496625
0.7807333333333338,2023-08-17 04:11:12.348141230
0.6830666666666669,2023-08-17 05:13:49.011785835
0.6840333333333337,2023-08-17 06:16:25.675430440
0.6430333333333337,2023-08-17 07:19:02.339075045
0.4897000000000003,2023-08-17 08:21:39.002719650
0.349366666666667,2023-08-17 09:24:15.666364255
0.561866666666667,2023-08-17 10:26:52.330008860
0.8553666666666668,2023-08-17 11:29:28.993653465
0.9578333333333336,2023-08-17 12:32:05.657298070
0.6772333333333336,2023-08-17 13:34:42.320942675
0.5466333333333336,2023-08-17 14:37:18.984587280
0.409966666666667,2023-08-17 15:39:55.648231885
0.34313333333333357,2023-08-17 16:42:32.311876490
0.11376666666666696,2023-08-17 17:45:08.975521095
0.2984000000000003,2023-08-17 18:47:45.639165700
0.3171000000000003,2023-08-17 19:50:22.302810305
0.5872333333333336,2023-08-17 20:52:58.966454910
0.5697333333333336,2023-08-17 21:55:35.630099515
0.6868000000000003,2023-08-17 22:58:12.293744120
0.5985333333333337,2023-08-18 00:00:48.957388725
0.8503333333333337,2023-08-18 01:03:25.621033330
1.180366666666667,2023-08-18 02:06:02.284677935
1.3192666666666673,2023-08-18 03:08:38.948322540
1.1416000000000004,2023-08-18 04:11:15.611967145
0.8879000000000002,2023-08-18 05:13:52.275611750
0.7480333333333337,2023-08-18 06:16:28.939256355
0.6660000000000004,2023-08-18 07:19:05.602900960
0.5982333333333336,2023-08-18 08:21:42.266545565
0.6041000000000003,2023-08-18 09:24:18.930190170
0.5501333333333336,2023-08-18 10:26:55.593834775
0.45896666666666697,2023-08-18 11:29:32.257479380
0.518566666666667,2023-08-18 12:32:08.921123985
0.5082333333333336,2023-08-18 13:34:45.584768590
0.4750666666666669,2023-08-18 14:37:22.248413195
0.2863000000000003,2023-08-18 15:39:58.912057800
0.26770000000000027,2023-08-18 16:42:35.575702405
0.3149333333333337,2023-08-18 17:45:12.239347010
0.2563000000000003,2023-08-18 18:47:48.902991615
0.231666666666667,2023-08-18 19:50:25.566636220
0.3068000000000003,2023-08-18 20:53:02.230280825
0.452066666666667,2023-08-18 21:55:38.893925430
0.685066666666667,2023-08-18 22:58:15.557570035
0.8900666666666669,2023-08-19 00:00:52.221214640
1.0181333333333336,2023-08-19 01:03:28.884859245
0.9113000000000002,2023-08-19 02:06:05.548503850
0.7803000000000003,2023-08-19 03:08:42.212148455
0.7870000000000004,2023-08-19 04:11:18.875793060
0.8096333333333336,2023-08-19 05:13:55.539437665
0.7688666666666669,2023-08-19 06:16:32.203082270
0.6671000000000004,2023-08-19 07:19:08.866726875
0.525466666666667,2023-08-19 08:21:45.530371480
0.4736000000000003,2023-08-19 09:24:22.194016085
0.4047333333333336,2023-08-19 10:26:58.857660690
0.42423333333333363,2023-08-19 11:29:35.521305295
0.5174000000000003,2023-08-19 12:32:12.184949900
0.4506333333333337,2023-08-19 13:34:48.848594505
0.37706666666666694,2023-08-19 14:37:25.512239110
0.18120000000000033,2023-08-19 15:40:02.175883715
0.20976666666666702,2023-08-19 16:42:38.839528320
0.33993333333333364,2023-08-19 17:45:15.503172925
0.5365000000000003,2023-08-19 18:47:52.166817530
0.572966666666667,2023-08-19 19:50:28.830462135
0.4036333333333337,2023-08-19 20:53:05.494106740
0.22573333333333365,2023-08-19 21:55:42.157751345
0.11936666666666695,2023-08-19 22:58:18.821395950
0.13940000000000027,2023-08-20 00:00:55.485040555
0.14893333333333364,2023-08-20 01:03:32.148685160
0.24156666666666696,2023-08-20 02:06:08.812329765
0.27766666666666695,2023-08-20 03:08:45.475974370
0.291966666666667,2023-08-20 04:11:22.139618975
0.25133333333333363,2023-08-20 05:13:58.803263580
0.25086666666666696,2023-08-20 06:16:35.466908185
0.27446666666666697,2023-08-20 07:19:12.130552790
0.339766666666667,2023-08-20 08:21:48.794197395
0.3365000000000003,2023-08-20 09:24:25.457842000
0.3486000000000003,2023-08-20 10:27:02.121486605
0.33406666666666696,2023-08-20 11:29:38.785131210
0.4092000000000003,2023-08-20 12:32:15.448775815
0.4410000000000003,2023-08-20 13:34:52.112420420
0.3672333333333336,2023-08-20 14:37:28.776065025
0.33750000000000036,2023-08-20 15:40:05.439709630
0.3105333333333336,2023-08-20 16:42:42.103354235
0.34520000000000034,2023-08-20 17:45:18.766998840
0.23203333333333365,2023-08-20 18:47:55.430643445
0.17366666666666697,2023-08-20 19:50:32.094288050
0.17196666666666696,2023-08-20 20:53:08.757932655
0.16420000000000032,2023-08-20 21:55:45.421577260
0.20423333333333363,2023-08-20 22:58:22.085221865
0.13830000000000028,2023-08-21 00:00:58.748866470
0.1452000000000003,2023-08-21 01:03:35.412511075
0.13093333333333362,2023-08-21 02:06:12.076155680
0.3214000000000003,2023-08-21 03:08:48.739800285
0.45380000000000026,2023-08-21 04:11:25.403444890
0.4168333333333336,2023-08-21 05:14:02.067089495
0.27060000000000034,2023-08-21 06:16:38.730734100
0.25513333333333366,2023-08-21 07:19:15.394378705
0.38893333333333363,2023-08-21 08:21:52.058023310
0.4251000000000003,2023-08-21 09:24:28.721667915
0.44933333333333364,2023-08-21 10:27:05.385312520
0.5667333333333336,2023-08-21 11:29:42.048957125
0.5680333333333336,2023-08-21 12:32:18.712601730
0.598166666666667,2023-08-21 13:34:55.376246335
0.322466666666667,2023-08-21 14:37:32.039890940
0.239666666666667,2023-08-21 15:40:08.703535545
0.096366666666667,2023-08-21 16:42:45.367180150
0.12020000000000035,2023-08-21 17:45:22.030824755
0.13010000000000035,2023-08-21 18:47:58.694469360
0.13203333333333367,2023-08-21 19:50:35.358113965
0.24083333333333368,2023-08-21 20:53:12.021758570
0.22363333333333366,2023-08-21 21:55:48.685403175
0.203366666666667,2023-08-21 22:58:25.349047780
0.1351333333333337,2023-08-22 00:01:02.012692385
0.29160000000000036,2023-08-22 01:03:38.676336990
0.5871333333333336,2023-08-22 02:06:15.339981595
0.7804000000000003,2023-08-22 03:08:52.003626200
0.9901333333333336,2023-08-22 04:11:28.667270805
0.8821333333333338,2023-08-22 05:14:05.330915410
1.0502666666666671,2023-08-22 06:16:41.994560015
1.1179333333333337,2023-08-22 07:19:18.658204620
1.2064000000000004,2023-08-22 08:21:55.321849225
0.9140000000000005,2023-08-22 09:24:31.985493830
0.6399000000000004,2023-08-22 10:27:08.649138435
0.5055333333333336,2023-08-22 11:29:45.312783040
0.4924333333333337,2023-08-22 12:32:21.976427645
0.46816666666666706,2023-08-22 13:34:58.640072250
0.37450000000000033,2023-08-22 14:37:35.303716855
0.29873333333333374,2023-08-22 15:40:11.967361460
0.20090000000000038,2023-08-22 16:42:48.631006065
0.16616666666666705,2023-08-22 17:45:25.294650670
0.11210000000000037,2023-08-22 18:48:01.958295275
0.17886666666666703,2023-08-22 19:50:38.621939880
0.23736666666666703,2023-08-22 20:53:15.285584485
0.3403000000000003,2023-08-22 21:55:51.949229090
0.231066666666667,2023-08-22 22:58:28.612873695
0.15826666666666703,2023-08-23 00:01:05.276518300
0.0699333333333337,2023-08-23 01:03:41.940162905
0.20026666666666704,2023-08-23 02:06:18.603807510
0.5333333333333338,2023-08-23 03:08:55.267452115
0.731566666666667,2023-08-23 04:11:31.931096720
0.8812000000000003,2023-08-23 05:14:08.594741325
0.7563666666666671,2023-08-23 06:16:45.258385930
0.8084333333333337,2023-08-23 07:19:21.922030535
0.7696000000000004,2023-08-23 08:21:58.585675140
0.8119666666666671,2023-08-23 09:24:35.249319745
0.8436333333333338,2023-08-23 10:27:11.912964350
0.8574333333333337,2023-08-23 11:29:48.576608955
0.723066666666667,2023-08-23 12:32:25.240253560
0.5223000000000003,2023-08-23 13:35:01.903898165
0.39093333333333374,2023-08-23 14:37:38.567542770
0.4037333333333337,2023-08-23 15:40:15.231187375
0.36993333333333367,2023-08-23 16:42:51.894831980
0.4703000000000004,2023-08-23 17:45:28.558476585
0.4066333333333337,2023-08-23 18:48:05.222121190
0.36686666666666706,2023-08-23 19:50:41.885765795
0.22590000000000035,2023-08-23 20:53:18.549410400
0.23903333333333368,2023-08-23 21:55:55.213055005
0.235766666666667,2023-08-23 22:58:31.876699610
0.1849333333333337,2023-08-24 00:01:08.540344215
0.14040000000000039,2023-08-24 01:03:45.203988820
0.22350000000000037,2023-08-24 02:06:21.867633425
0.3402666666666671,2023-08-24 03:08:58.531278030
0.5914333333333337,2023-08-24 04:11:35.194922635
0.6917000000000003,2023-08-24 05:14:11.858567240
0.8143000000000002,2023-08-24 06:16:48.522211845
0.8957000000000003,2023-08-24 07:19:25.185856450
0.9860333333333337,2023-08-24 08:22:01.849501055
1.0063000000000002,2023-08-24 09:24:38.513145660
0.9054000000000003,2023-08-24 10:27:15.176790265
0.7714333333333337,2023-08-24 11:29:51.840434870
0.6704333333333338,2023-08-24 12:32:28.504079475
0.6099666666666671,2023-08-24 13:35:05.167724080
0.5478000000000004,2023-08-24 14:37:41.831368685
0.4273000000000004,2023-08-24 15:40:18.495013290
0.28026666666666705,2023-08-24 16:42:55.158657895
0.22990000000000035,2023-08-24 17:45:31.822302500
0.3007333333333337,2023-08-24 18:48:08.485947105
0.3595000000000004,2023-08-24 19:50:45.149591710
0.5038333333333337,2023-08-24 20:53:21.813236315
0.5705000000000003,2023-08-24 21:55:58.476880920
0.481266666666667,2023-08-24 22:58:35.140525525
0.3685666666666671,2023-08-25 00:01:11.804170130
0.1991000000000004,2023-08-25 01:03:48.467814735
0.17180000000000037,2023-08-25 02:06:25.131459340
0.24150000000000038,2023-08-25 03:09:01.795103945
0.42626666666666707,2023-08-25 04:11:38.458748550
0.9639666666666672,2023-08-25 05:14:15.122393155
1.1088666666666671,2023-08-25 06:16:51.786037760
1.2156666666666671,2023-08-25 07:19:28.449682365
1.0419333333333336,2023-08-25 08:22:05.113326970
0.932466666666667,2023-08-25 09:24:41.776971575
0.9856666666666669,2023-08-25 10:27:18.440616180
0.7586000000000003,2023-08-25 11:29:55.104260785
0.7675000000000002,2023-08-25 12:32:31.767905390
0.5298000000000003,2023-08-25 13:35:08.431549995
0.48993333333333355,2023-08-25 14:37:45.095194600
0.4467333333333336,2023-08-25 15:40:21.758839205
0.4546000000000003,2023-08-25 16:42:58.422483810
0.6392666666666669,2023-08-25 17:45:35.086128415
0.6445333333333335,2023-08-25 18:48:11.749773020
0.5632333333333336,2023-08-25 19:50:48.413417625
0.32193333333333357,2023-08-25 20:53:25.077062230
0.2100333333333336,2023-08-25 21:56:01.740706835
0.16906666666666692,2023-08-25 22:58:38.404351440
0.2872000000000003,2023-08-26 00:01:15.067996045
0.3689000000000002,2023-08-26 01:03:51.731640650
0.3584000000000002,2023-08-26 02:06:28.395285255
0.22170000000000023,2023-08-26 03:09:05.058929860
0.17310000000000023,2023-08-26 04:11:41.722574465
0.40606666666666685,2023-08-26 05:14:18.386219070
0.6398666666666669,2023-08-26 06:16:55.049863675
0.8538333333333336,2023-08-26 07:19:31.713508280
0.8898333333333336,2023-08-26 08:22:08.377152885
0.8656000000000003,2023-08-26 09:24:45.040797490
0.8457000000000002,2023-08-26 10:27:21.704442095
0.7383333333333334,2023-08-26 11:29:58.368086700
0.8057333333333335,2023-08-26 12:32:35.031731305
0.6686666666666669,2023-08-26 13:35:11.695375910
0.6867000000000001,2023-08-26 14:37:48.359020515
0.5168333333333336,2023-08-26 15:40:25.022665120
0.5333666666666669,2023-08-26 16:43:01.686309725
0.4230000000000002,2023-08-26 17:45:38.349954330
0.4110333333333336,2023-08-26 18:48:15.013598935
0.4124333333333336,2023-08-26 19:50:51.677243540
0.41756666666666686,2023-08-26 20:53:28.340888145
0.3098666666666669,2023-08-26 21:56:05.004532750
0.20716666666666686,2023-08-26 22:58:41.668177355
0.2303666666666669,2023-08-27 00:01:18.331821960
0.23653333333333357,2023-08-27 01:03:54.995466565
0.23560000000000023,2023-08-27 02:06:31.659111170
0.2213000000000002,2023-08-27 03:09:08.322755775
0.22850000000000023,2023-08-27 04:11:44.986400380
0.22073333333333356,2023-08-27 05:14:21.650044985
0.18456666666666688,2023-08-27 06:16:58.313689590
0.21023333333333358,2023-08-27 07:19:34.977334195
0.2760333333333336,2023-08-27 08:22:11.640978800
0.3017333333333336,2023-08-27 09:24:48.304623405
0.4405333333333335,2023-08-27 10:27:24.968268010
0.46046666666666686,2023-08-27 11:30:01.631912615
0.44743333333333357,2023-08-27 12:32:38.295557220
0.38950000000000023,2023-08-27 13:35:14.959201825
0.2995666666666669,2023-08-27 14:37:51.622846430
0.6361666666666669,2023-08-27 15:40:28.286491035
0.6877333333333335,2023-08-27 16:43:04.950135640
0.7158000000000002,2023-08-27 17:45:41.613780245
0.45036666666666686,2023-08-27 18:48:18.277424850
0.5191000000000002,2023-08-27 19:50:54.941069455
0.5917000000000002,2023-08-27 20:53:31.604714060
0.5540666666666668,2023-08-27 21:56:08.268358665
0.33380000000000026,2023-08-27 22:58:44.932003270
0.3197333333333336,2023-08-28 00:01:21.595647875
0.24016666666666686,2023-08-28 01:03:58.259292480
0.2365666666666669,2023-08-28 02:06:34.922937085
0.16720000000000024,2023-08-28 03:09:11.586581690
0.19750000000000023,2023-08-28 04:11:48.250226295
0.1761666666666669,2023-08-28 05:14:24.913870900
0.16056666666666689,2023-08-28 06:17:01.577515505
0.18143333333333356,2023-08-28 07:19:38.241160110
0.1885666666666669,2023-08-28 08:22:14.904804715
0.2896666666666669,2023-08-28 09:24:51.568449320
0.2917666666666669,2023-08-28 10:27:28.232093925
0.30466666666666686,2023-08-28 11:30:04.895738530
0.21393333333333356,2023-08-28 12:32:41.559383135
0.2530333333333336,2023-08-28 13:35:18.223027740
0.2900000000000002,2023-08-28 14:37:54.886672345
0.4665000000000002,2023-08-28 15:40:31.550316950
0.517466666666667,2023-08-28 16:43:08.213961555
0.47736666666666694,2023-08-28 17:45:44.877606160
0.28893333333333354,2023-08-28 18:48:21.541250765
0.21213333333333353,2023-08-28 19:50:58.204895370
0.27246666666666686,2023-08-28 20:53:34.868539975
0.27260000000000023,2023-08-28 21:56:11.532184580
0.21733333333333357,2023-08-28 22:58:48.195829185
0.16853333333333356,2023-08-29 00:01:24.859473790
0.16403333333333356,2023-08-29 01:04:01.523118395
0.12173333333333354,2023-08-29 02:06:38.186763000
0.06820000000000022,2023-08-29 03:09:14.850407605
0.05760000000000023,2023-08-29 04:11:51.514052210
0.04986666666666689,2023-08-29 05:14:28.177696815
0.06153333333333356,2023-08-29 06:17:04.841341420
0.05046666666666689,2023-08-29 07:19:41.504986025
0.19353333333333356,2023-08-29 08:22:18.168630630
0.7413000000000002,2023-08-29 09:24:54.832275235
1.022166666666667,2023-08-29 10:27:31.495919840
1.2087,2023-08-29 11:30:08.159564445
1.0372333333333337,2023-08-29 12:32:44.823209050
1.1150333333333335,2023-08-29 13:35:21.486853655
1.0369666666666668,2023-08-29 14:37:58.150498260
0.9165000000000001,2023-08-29 15:40:34.814142865
0.8682333333333334,2023-08-29 16:43:11.477787470
0.7504666666666667,2023-08-29 17:45:48.141432075
0.7136666666666668,2023-08-29 18:48:24.805076680
0.6535666666666669,2023-08-29 19:51:01.468721285
0.6945333333333336,2023-08-29 20:53:38.132365890
0.6353333333333335,2023-08-29 21:56:14.796010495
0.43483333333333346,2023-08-29 22:58:51.459655100
0.36800000000000016,2023-08-30 00:01:28.123299705
0.26680000000000015,2023-08-30 01:04:04.786944310
0.3664000000000001,2023-08-30 02:06:41.450588915
0.32613333333333344,2023-08-30 03:09:18.114233520
0.32540000000000013,2023-08-30 04:11:54.777878125
0.18490000000000015,2023-08-30 05:14:31.441522730
0.27180000000000015,2023-08-30 06:17:08.105167335
0.21460000000000015,2023-08-30 07:19:44.768811940
0.24393333333333347,2023-08-30 08:22:21.432456545
0.4074333333333335,2023-08-30 09:24:58.096101150
0.9323666666666668,2023-08-30 10:27:34.759745755
1.0881333333333334,2023-08-30 11:30:11.423390360
1.0969666666666669,2023-08-30 12:32:48.087034965
1.0493000000000001,2023-08-30 13:35:24.750679570
1.3633666666666668,2023-08-30 14:38:01.414324175
1.4101333333333335,2023-08-30 15:40:38.077968780
1.2288333333333334,2023-08-30 16:43:14.741613385
0.9249666666666668,2023-08-30 17:45:51.405257990
0.7747333333333334,2023-08-30 18:48:28.068902595
0.5559666666666668,2023-08-30 19:51:04.732547200
0.48320000000000013,2023-08-30 20:53:41.396191805
0.3285000000000002,2023-08-30 21:56:18.059836410
0.32230000000000014,2023-08-30 22:58:54.723481015
0.3343000000000001,2023-08-31 00:01:31.387125620
0.3875000000000001,2023-08-31 01:04:08.050770225
0.3177666666666668,2023-08-31 02:06:44.714414830
0.16740000000000013,2023-08-31 03:09:21.378059435
0.18330000000000016,2023-08-31 04:11:58.041704040
0.18636666666666682,2023-08-31 05:14:34.705348645
0.24563333333333348,2023-08-31 06:17:11.368993250
0.1331666666666668,2023-08-31 07:19:48.032637855
0.16900000000000012,2023-08-31 08:22:24.696282460
0.13000000000000014,2023-08-31 09:25:01.359927065
0.24356666666666682,2023-08-31 10:27:38.023571670
0.5133333333333335,2023-08-31 11:30:14.687216275
0.6735666666666669,2023-08-31 12:32:51.350860880
0.6820333333333335,2023-08-31 13:35:28.014505485
0.6111666666666667,2023-08-31 14:38:04.678150090
0.7608333333333336,2023-08-31 15:40:41.341794695
0.9687666666666668,2023-08-31 16:43:18.005439300
0.9047666666666668,2023-08-31 17:45:54.669083905
0.8079666666666668,2023-08-31 18:48:31.332728510
0.5769000000000001,2023-08-31 19:51:07.996373115
0.5544000000000001,2023-08-31 20:53:44.660017720
0.4651000000000001,2023-08-31 21:56:21.323662325
0.48623333333333346,2023-08-31 22:58:57.987306930
0.42526666666666685,2023-09-01 00:01:34.650951535
0.3361666666666668,2023-09-01 01:04:11.314596140
0.2849333333333335,2023-09-01 02:06:47.978240745
0.3308333333333335,2023-09-01 03:09:24.641885350
0.47680000000000017,2023-09-01 04:12:01.305529955
0.8433666666666668,2023-09-01 05:14:37.969174560
0.7740333333333335,2023-09-01 06:17:14.632819165
0.6508333333333335,2023-09-01 07:19:51.296463770
0.2092333333333335,2023-09-01 08:22:27.960108375
0.14250000000000015,2023-09-01 09:25:04.623752980
0.09663333333333347,2023-09-01 10:27:41.287397585
0.21320000000000014,2023-09-01 11:30:17.951042190
0.4456666666666668,2023-09-01 12:32:54.614686795
0.5561333333333335,2023-09-01 13:35:31.278331400
0.7405666666666667,2023-09-01 14:38:07.941976005
0.8340666666666667,2023-09-01 15:40:44.605620610
1.0218666666666667,2023-09-01 16:43:21.269265215
1.1020333333333336,2023-09-01 17:45:57.932909820
1.0527666666666669,2023-09-01 18:48:34.596554425
0.9199333333333334,2023-09-01 19:51:11.260199030
0.7179666666666669,2023-09-01 20:53:47.923843635
0.5661000000000002,2023-09-01 21:56:24.587488240
0.4721000000000002,2023-09-01 22:59:01.251132845
0.4962333333333335,2023-09-02 00:01:37.914777450
0.4636000000000002,2023-09-02 01:04:14.578422055
0.4587333333333335,2023-09-02 02:06:51.242066660
0.35740000000000016,2023-09-02 03:09:27.905711265
0.30216666666666686,2023-09-02 04:12:04.569355870
0.25070000000000014,2023-09-02 05:14:41.233000475
0.28476666666666683,2023-09-02 06:17:17.896645080
0.2551333333333335,2023-09-02 07:19:54.560289685
0.23250000000000015,2023-09-02 08:22:31.223934290
0.07120000000000015,2023-09-02 09:25:07.887578895
0.10496666666666682,2023-09-02 10:27:44.551223500
0.18570000000000011,2023-09-02 11:30:21.214868105
0.3598000000000002,2023-09-02 12:32:57.878512710
0.6006000000000001,2023-09-02 13:35:34.542157315
0.8064333333333336,2023-09-02 14:38:11.205801920
1.1130333333333335,2023-09-02 15:40:47.869446525
1.047666666666667,2023-09-02 16:43:24.533091130
1.0975333333333335,2023-09-02 17:46:01.196735735
0.8213333333333335,2023-09-02 18:48:37.860380340
0.8229000000000001,2023-09-02 19:51:14.524024945
0.5705333333333334,2023-09-02 20:53:51.187669550
0.46770000000000017,2023-09-02 21:56:27.851314155
0.3046333333333335,2023-09-02 22:59:04.514958760
0.30433333333333346,2023-09-03 00:01:41.178603365
0.3302000000000001,2023-09-03 01:04:17.842247970
0.3374333333333335,2023-09-03 02:06:54.505892575
0.29310000000000014,2023-09-03 03:09:31.169537180
0.28453333333333347,2023-09-03 04:12:07.833181785
0.2578333333333335,2023-09-03 05:14:44.496826390
0.34843333333333354,2023-09-03 06:17:21.160470995
0.3006333333333335,2023-09-03 07:19:57.824115600
0.3421666666666668,2023-09-03 08:22:34.487760205
0.3020666666666668,2023-09-03 09:25:11.151404810
0.2652666666666668,2023-09-03 10:27:47.815049415
0.21380000000000013,2023-09-03 11:30:24.478694020
0.09243333333333348,2023-09-03 12:33:01.142338625
0.37536666666666685,2023-09-03 13:35:37.805983230
0.41400000000000015,2023-09-03 14:38:14.469627835
0.6943666666666668,2023-09-03 15:40:51.133272440
0.5158666666666668,2023-09-03 16:43:27.796917045
0.5014000000000002,2023-09-03 17:46:04.460561650
0.30810000000000015,2023-09-03 18:48:41.124206255
0.2019333333333335,2023-09-03 19:51:17.787850860
0.3015333333333335,2023-09-03 20:53:54.451495465
0.2780666666666668,2023-09-03 21:56:31.115140070
0.33753333333333346,2023-09-03 22:59:07.778784675
0.21060000000000012,2023-09-04 00:01:44.442429280
0.25326666666666675,2023-09-04 01:04:21.106073885
0.21303333333333344,2023-09-04 02:06:57.769718490
0.2683333333333335,2023-09-04 03:09:34.433363095
0.2660666666666668,2023-09-04 04:12:11.097007700
0.3470666666666668,2023-09-04 05:14:47.760652305
0.3124666666666668,2023-09-04 06:17:24.424296910
0.31463333333333343,2023-09-04 07:20:01.087941515
0.2310000000000001,2023-09-04 08:22:37.751586120
0.2923333333333334,2023-09-04 09:25:14.415230725
0.28063333333333346,2023-09-04 10:27:51.078875330
0.3430666666666668,2023-09-04 11:30:27.742519935
0.25283333333333347,2023-09-04 12:33:04.406164540
0.16423333333333345,2023-09-04 13:35:41.069809145
0.11786666666666677,2023-09-04 14:38:17.733453750
0.1868000000000001,2023-09-04 15:40:54.397098355
0.3364333333333334,2023-09-04 16:43:31.060742960
0.33553333333333346,2023-09-04 17:46:07.724387565
0.3329666666666668,2023-09-04 18:48:44.388032170
0.2934666666666668,2023-09-04 19:51:21.051676775
0.3878000000000001,2023-09-04 20:53:57.715321380
0.3972333333333335,2023-09-04 21:56:34.378965985
0.3110000000000001,2023-09-04 22:59:11.042610590
0.2593666666666668,2023-09-05 00:01:47.706255195
0.19496666666666682,2023-09-05 01:04:24.369899800
0.24763333333333346,2023-09-05 02:07:01.033544405
0.1881666666666668,2023-09-05 03:09:37.697189010
0.18833333333333344,2023-09-05 04:12:14.360833615
0.12453333333333344,2023-09-05 05:14:51.024478220
0.1351000000000001,2023-09-05 06:17:27.688122825
0.14646666666666677,2023-09-05 07:20:04.351767430
0.20483333333333345,2023-09-05 08:22:41.015412035
0.1678666666666668,2023-09-05 09:25:17.679056640
0.16783333333333342,2023-09-05 10:27:54.342701245
0.1429000000000001,2023-09-05 11:30:31.006345850
0.12006666666666677,2023-09-05 12:33:07.669990455
0.07556666666666678,2023-09-05 13:35:44.333635060
0.08826666666666678,2023-09-05 14:38:20.997279665
0.21456666666666677,2023-09-05 15:40:57.660924270
0.5473666666666667,2023-09-05 16:43:34.324568875
0.8916666666666669,2023-09-05 17:46:10.988213480
1.2505666666666668,2023-09-05 18:48:47.651858085
1.2030666666666667,2023-09-05 19:51:24.315502690
1.1182,2023-09-05 20:54:00.979147295
1.0868666666666666,2023-09-05 21:56:37.642791900
1.0834333333333335,2023-09-05 22:59:14.306436505
0.9407000000000001,2023-09-06 00:01:50.970081110
0.6388333333333334,2023-09-06 01:04:27.633725715
0.4529000000000001,2023-09-06 02:07:04.297370320
0.40740000000000004,2023-09-06 03:09:40.961014925
0.4932333333333334,2023-09-06 04:12:17.624659530
0.5384333333333334,2023-09-06 05:14:54.288304135
0.5079000000000001,2023-09-06 06:17:30.951948740
0.3014333333333334,2023-09-06 07:20:07.615593345
0.22890000000000008,2023-09-06 08:22:44.279237950
0.23146666666666674,2023-09-06 09:25:20.942882555
0.4176,2023-09-06 10:27:57.606527160
0.6214333333333334,2023-09-06 11:30:34.270171765
0.5139000000000001,2023-09-06 12:33:10.933816370
0.31036666666666674,2023-09-06 13:35:47.597460975
0.057766666666666744,2023-09-06 14:38:24.261105580
0.16870000000000007,2023-09-06 15:41:00.924750185
0.2876000000000001,2023-09-06 16:43:37.588394790
0.6148333333333335,2023-09-06 17:46:14.252039395
0.9000333333333335,2023-09-06 18:48:50.915684000
1.0866333333333336,2023-09-06 19:51:27.579328605
1.1503333333333334,2023-09-06 20:54:04.242973210
1.0302,2023-09-06 21:56:40.906617815
1.0149333333333335,2023-09-06 22:59:17.570262420
0.8030000000000003,2023-09-07 00:01:54.233907025
0.8017000000000002,2023-09-07 01:04:30.897551630
0.6881666666666669,2023-09-07 02:07:07.561196235
0.6015000000000001,2023-09-07 03:09:44.224840840
0.4324000000000001,2023-09-07 04:12:20.888485445
0.5070666666666668,2023-09-07 05:14:57.552130050
0.5404666666666668,2023-09-07 06:17:34.215774655
0.5269000000000001,2023-09-07 07:20:10.879419260
0.4478333333333335,2023-09-07 08:22:47.543063865
0.3310000000000002,2023-09-07 09:25:24.206708470
0.3620333333333336,2023-09-07 10:28:00.870353075
0.22533333333333358,2023-09-07 11:30:37.533997680
0.24013333333333356,2023-09-07 12:33:14.197642285
0.26930000000000026,2023-09-07 13:35:50.861286890
0.24260000000000023,2023-09-07 14:38:27.524931495
0.1914666666666669,2023-09-07 15:41:04.188576100
0.13170000000000023,2023-09-07 16:43:40.852220705
0.6167333333333336,2023-09-07 17:46:17.515865310
1.1381000000000003,2023-09-07 18:48:54.179509915
1.423266666666667,2023-09-07 19:51:30.843154520
1.2429333333333337,2023-09-07 20:54:07.506799125
1.2047,2023-09-07 21:56:44.170443730
1.2897666666666667,2023-09-07 22:59:20.834088335
1.2826333333333335,2023-09-08 00:01:57.497732940
1.4363000000000001,2023-09-08 01:04:34.161377545
1.3388333333333335,2023-09-08 02:07:10.825022150
1.4157333333333335,2023-09-08 03:09:47.488666755
0.9228666666666667,2023-09-08 04:12:24.152311360
0.6854333333333334,2023-09-08 05:15:00.815955965
0.4380333333333335,2023-09-08 06:17:37.479600570
0.5070666666666669,2023-09-08 07:20:14.143245175
0.47040000000000015,2023-09-08 08:22:50.806889780
0.4385666666666668,2023-09-08 09:25:27.470534385
0.3039000000000001,2023-09-08 10:28:04.134178990
0.3277666666666668,2023-09-08 11:30:40.797823595
0.4482333333333335,2023-09-08 12:33:17.461468200
0.5436333333333335,2023-09-08 13:35:54.125112805
0.4313333333333335,2023-09-08 14:38:30.788757410
0.21796666666666684,2023-09-08 15:41:07.452402015
0.05746666666666681,2023-09-08 16:43:44.116046620
0.09990000000000014,2023-09-08 17:46:20.779691225
0.4248000000000001,2023-09-08 18:48:57.443335830
0.9790333333333333,2023-09-08 19:51:34.106980435
1.1290000000000002,2023-09-08 20:54:10.770625040
1.1168666666666667,2023-09-08 21:56:47.434269645
0.8687333333333335,2023-09-08 22:59:24.097914250
1.0504666666666669,2023-09-09 00:02:00.761558855
1.2504333333333335,2023-09-09 01:04:37.425203460
1.2534000000000003,2023-09-09 02:07:14.088848065
1.1677666666666668,2023-09-09 03:09:50.752492670
0.8632333333333335,2023-09-09 04:12:27.416137275
0.7381000000000002,2023-09-09 05:15:04.079781880
0.5903000000000002,2023-09-09 06:17:40.743426485
0.4362666666666668,2023-09-09 07:20:17.407071090
0.43220000000000014,2023-09-09 08:22:54.070715695
0.39043333333333347,2023-09-09 09:25:30.734360300
0.4108000000000001,2023-09-09 10:28:07.398004905
0.27726666666666683,2023-09-09 11:30:44.061649510
0.24750000000000014,2023-09-09 12:33:20.725294115
0.18490000000000015,2023-09-09 13:35:57.388938720
0.15190000000000015,2023-09-09 14:38:34.052583325
0.07906666666666681,2023-09-09 15:41:10.716227930
0.04506666666666681,2023-09-09 16:43:47.379872535
0.040166666666666816,2023-09-09 17:46:24.043517140
0.08576666666666681,2023-09-09 18:49:00.707161745
0.25410000000000016,2023-09-09 19:51:37.370806350
0.5785666666666668,2023-09-09 20:54:14.034450955
0.9583,2023-09-09 21:56:50.698095560
1.1023666666666667,2023-09-09 22:59:27.361740165
1.1179333333333334,2023-09-10 00:02:04.025384770
1.0296333333333336,2023-09-10 01:04:40.689029375
1.0616666666666668,2023-09-10 02:07:17.352673980
0.9213333333333334,2023-09-10 03:09:54.016318585
0.7366666666666668,2023-09-10 04:12:30.679963190
0.6140666666666668,2023-09-10 05:15:07.343607795
0.5204000000000001,2023-09-10 06:17:44.007252400
0.47603333333333336,2023-09-10 07:20:20.670897005
0.4520666666666668,2023-09-10 08:22:57.334541610
0.4009333333333334,2023-09-10 09:25:33.998186215
0.42473333333333346,2023-09-10 10:28:10.661830820
0.4023666666666668,2023-09-10 11:30:47.325475425
0.4918333333333334,2023-09-10 12:33:23.989120030
0.4487000000000001,2023-09-10 13:36:00.652764635
0.36033333333333345,2023-09-10 14:38:37.316409240
0.22883333333333347,2023-09-10 15:41:13.980053845
0.21706666666666682,2023-09-10 16:43:50.643698450
0.20550000000000015,2023-09-10 17:46:27.307343055
0.18816666666666682,2023-09-10 18:49:03.970987660
0.12453333333333348,2023-09-10 19:51:40.634632265
0.12660000000000016,2023-09-10 20:54:17.298276870
0.2072333333333335,2023-09-10 21:56:53.961921475
0.34320000000000017,2023-09-10 22:59:30.625566080
0.5646000000000001,2023-09-11 00:02:07.289210685
0.6509000000000001,2023-09-11 01:04:43.952855290
0.8102,2023-09-11 02:07:20.616499895
0.6414666666666667,2023-09-11 03:09:57.280144500
0.6202666666666669,2023-09-11 04:12:33.943789105
0.4149000000000002,2023-09-11 05:15:10.607433710
0.4695000000000002,2023-09-11 06:17:47.271078315
0.40463333333333346,2023-09-11 07:20:23.934722920
0.5545000000000001,2023-09-11 08:23:00.598367525
0.45413333333333344,2023-09-11 09:25:37.262012130
0.4836000000000001,2023-09-11 10:28:13.925656735
0.2741333333333335,2023-09-11 11:30:50.589301340
0.36773333333333347,2023-09-11 12:33:27.252945945
0.3898333333333334,2023-09-11 13:36:03.916590550
0.5532333333333335,2023-09-11 14:38:40.580235155
0.4573000000000001,2023-09-11 15:41:17.243879760
0.30693333333333345,2023-09-11 16:43:53.907524365
0.09970000000000014,2023-09-11 17:46:30.571168970
0.02510000000000015,2023-09-11 18:49:07.234813575
0.027333333333333484,2023-09-11 19:51:43.898458180
0.026300000000000146,2023-09-11 20:54:20.562102785
0.032700000000000146,2023-09-11 21:56:57.225747390
0.11663333333333348,2023-09-11 22:59:33.889391995
0.20133333333333348,2023-09-12 00:02:10.553036600
0.44813333333333344,2023-09-12 01:04:47.216681205
0.4408333333333334,2023-09-12 02:07:23.880325810
0.5436666666666669,2023-09-12 03:10:00.543970415
0.43516666666666687,2023-09-12 04:12:37.207615020
0.6203000000000002,2023-09-12 05:15:13.871259625
0.5215666666666668,2023-09-12 06:17:50.534904230
0.6031333333333334,2023-09-12 07:20:27.198548835
0.5909666666666668,2023-09-12 08:23:03.862193440
0.5781333333333335,2023-09-12 09:25:40.525838045
0.4355666666666668,2023-09-12 10:28:17.189482650
0.4288000000000001,2023-09-12 11:30:53.853127255
0.4768666666666668,2023-09-12 12:33:30.516771860
0.5222000000000001,2023-09-12 13:36:07.180416465
0.5057333333333335,2023-09-12 14:38:43.844061070
0.4504666666666668,2023-09-12 15:41:20.507705675
0.4141333333333335,2023-09-12 16:43:57.171350280
0.19640000000000016,2023-09-12 17:46:33.834994885
0.18256666666666685,2023-09-12 18:49:10.498639490
0.12166666666666685,2023-09-12 19:51:47.162284095
0.12240000000000018,2023-09-12 20:54:23.825928700
0.10460000000000018,2023-09-12 21:57:00.489573305
0.3198000000000002,2023-09-12 22:59:37.153217910
0.6381666666666669,2023-09-13 00:02:13.816862515
0.921366666666667,2023-09-13 01:04:50.480507120
0.8846333333333335,2023-09-13 02:07:27.144151725
0.9606,2023-09-13 03:10:03.807796330
1.087,2023-09-13 04:12:40.471440935
1.0828666666666669,2023-09-13 05:15:17.135085540
0.8975000000000001,2023-09-13 06:17:53.798730145
0.6258,2023-09-13 07:20:30.462374750
0.5072666666666668,2023-09-13 08:23:07.126019355
0.442,2023-09-13 09:25:43.789663960
0.3733666666666668,2023-09-13 10:28:20.453308565
0.4788666666666668,2023-09-13 11:30:57.116953170
0.4486333333333334,2023-09-13 12:33:33.780597775
0.39353333333333346,2023-09-13 13:36:10.444242380
0.24906666666666674,2023-09-13 14:38:47.107886985
0.19700000000000006,2023-09-13 15:41:23.771531590
0.25736666666666674,2023-09-13 16:44:00.435176195
0.2514666666666668,2023-09-13 17:46:37.098820800
0.3702000000000001,2023-09-13 18:49:13.762465405
0.3075666666666667,2023-09-13 19:51:50.426110010
0.27643333333333336,2023-09-13 20:54:27.089754615
0.11573333333333341,2023-09-13 21:57:03.753399220
0.16610000000000005,2023-09-13 22:59:40.417043825
0.38996666666666674,2023-09-14 00:02:17.080688430
0.6866333333333334,2023-09-14 01:04:53.744333035
0.7711000000000001,2023-09-14 02:07:30.407977640
0.8346,2023-09-14 03:10:07.071622245
0.7651333333333333,2023-09-14 04:12:43.735266850
0.8516,2023-09-14 05:15:20.398911455
0.9353666666666668,2023-09-14 06:17:57.062556060
0.9520666666666667,2023-09-14 07:20:33.726200665
0.8186,2023-09-14 08:23:10.389845270
0.6594000000000001,2023-09-14 09:25:47.053489875
0.5318333333333335,2023-09-14 10:28:23.717134480
0.4994666666666668,2023-09-14 11:31:00.380779085
0.6252000000000002,2023-09-14 12:33:37.044423690
0.5893000000000002,2023-09-14 13:36:13.708068295
0.5279000000000001,2023-09-14 14:38:50.371712900
0.26816666666666683,2023-09-14 15:41:27.035357505
0.29686666666666683,2023-09-14 16:44:03.699002110
0.35536666666666683,2023-09-14 17:46:40.362646715
0.3165333333333335,2023-09-14 18:49:17.026291320
0.21356666666666682,2023-09-14 19:51:53.689935925
0.12860000000000013,2023-09-14 20:54:30.353580530
0.16823333333333346,2023-09-14 21:57:07.017225135
0.13486666666666683,2023-09-14 22:59:43.680869740
0.2675000000000001,2023-09-15 00:02:20.344514345
0.36760000000000015,2023-09-15 01:04:57.008158950
0.6660333333333335,2023-09-15 02:07:33.671803555
0.7887333333333335,2023-09-15 03:10:10.335448160
0.8965000000000002,2023-09-15 04:12:46.999092765
0.9440333333333335,2023-09-15 05:15:23.662737370
0.9874666666666667,2023-09-15 06:18:00.326381975
1.0052,2023-09-15 07:20:36.990026580
0.9102333333333336,2023-09-15 08:23:13.653671185
0.8417333333333336,2023-09-15 09:25:50.317315790
0.8143666666666668,2023-09-15 10:28:26.980960395
0.7651,2023-09-15 11:31:03.644605000
0.7036666666666668,2023-09-15 12:33:40.308249605
0.5342000000000001,2023-09-15 13:36:16.971894210
0.4421000000000001,2023-09-15 14:38:53.635538815
0.32643333333333346,2023-09-15 15:41:30.299183420
0.26930000000000015,2023-09-15 16:44:06.962828025
0.22190000000000012,2023-09-15 17:46:43.626472630
0.3433333333333335,2023-09-15 18:49:20.290117235
0.4458000000000002,2023-09-15 19:51:56.953761840
0.47733333333333344,2023-09-15 20:54:33.617406445
0.36773333333333347,2023-09-15 21:57:10.281051050
0.24736666666666682,2023-09-15 22:59:46.944695655
0.19353333333333347,2023-09-16 00:02:23.608340260
0.23483333333333348,2023-09-16 01:05:00.271984865
0.33563333333333345,2023-09-16 02:07:36.935629470
0.7545333333333334,2023-09-16 03:10:13.599274075
1.1952333333333336,2023-09-16 04:12:50.262918680
1.3813000000000002,2023-09-16 05:15:26.926563285
1.4442000000000004,2023-09-16 06:18:03.590207890
1.3272666666666668,2023-09-16 07:20:40.253852495
1.2985000000000002,2023-09-16 08:23:16.917497100
1.3260000000000003,2023-09-16 09:25:53.581141705
1.1034000000000004,2023-09-16 10:28:30.244786310
0.9483666666666669,2023-09-16 11:31:06.908430915
0.589866666666667,2023-09-16 12:33:43.572075520
0.6039333333333335,2023-09-16 13:36:20.235720125
0.5620000000000004,2023-09-16 14:38:56.899364730
0.5273000000000003,2023-09-16 15:41:33.563009335
0.36226666666666696,2023-09-16 16:44:10.226653940
0.49040000000000034,2023-09-16 17:46:46.890298545
0.6046000000000002,2023-09-16 18:49:23.553943150
0.7188000000000002,2023-09-16 19:52:00.217587755
0.5289666666666669,2023-09-16 20:54:36.881232360
0.32046666666666695,2023-09-16 21:57:13.544876965
0.3392666666666669,2023-09-16 22:59:50.208521570
0.31140000000000023,2023-09-17 00:02:26.872166175
0.32650000000000023,2023-09-17 01:05:03.535810780
0.23093333333333357,2023-09-17 02:07:40.199455385
0.655566666666667,2023-09-17 03:10:16.863099990
0.9740333333333336,2023-09-17 04:12:53.526744595
1.554466666666667,2023-09-17 05:15:30.190389200
1.4800666666666669,2023-09-17 06:18:06.854033805
1.4372,2023-09-17 07:20:43.517678410
1.1079,2023-09-17 08:23:20.181323015
1.0290000000000001,2023-09-17 09:25:56.844967620
0.9234333333333336,2023-09-17 10:28:33.508612225
0.7083333333333335,2023-09-17 11:31:10.172256830
0.6467666666666668,2023-09-17 12:33:46.835901435
0.6955000000000001,2023-09-17 13:36:23.499546040
0.8695000000000003,2023-09-17 14:39:00.163190645
0.7698000000000002,2023-09-17 15:41:36.826835250
0.7546333333333335,2023-09-17 16:44:13.490479855
0.6555000000000001,2023-09-17 17:46:50.154124460
0.7273333333333335,2023-09-17 18:49:26.817769065
0.7012,2023-09-17 19:52:03.481413670
0.5259000000000001,2023-09-17 20:54:40.145058275
0.3373000000000001,2023-09-17 21:57:16.808702880
0.24106666666666685,2023-09-17 22:59:53.472347485
0.22870000000000013,2023-09-18 00:02:30.135992090
0.24170000000000016,2023-09-18 01:05:06.799636695
0.2722333333333335,2023-09-18 02:07:43.463281300
0.3779000000000001,2023-09-18 03:10:20.126925905
0.5823666666666668,2023-09-18 04:12:56.790570510
0.6068333333333334,2023-09-18 05:15:33.454215115
0.7050000000000002,2023-09-18 06:18:10.117859720
0.7612333333333335,2023-09-18 07:20:46.781504325
0.9075333333333336,2023-09-18 08:23:23.445148930
0.9742666666666668,2023-09-18 09:26:00.108793535
1.1491,2023-09-18 10:28:36.772438140
1.0950666666666669,2023-09-18 11:31:13.436082745
0.9920666666666668,2023-09-18 12:33:50.099727350
0.8353666666666668,2023-09-18 13:36:26.763371955
0.8094333333333336,2023-09-18 14:39:03.427016560
0.7091333333333335,2023-09-18 15:41:40.090661165
0.5926666666666668,2023-09-18 16:44:16.754305770
0.38266666666666677,2023-09-18 17:46:53.417950375
0.36720000000000014,2023-09-18 18:49:30.081594980
0.27270000000000016,2023-09-18 19:52:06.745239585
0.3334666666666668,2023-09-18 20:54:43.408884190
0.4035000000000002,2023-09-18 21:57:20.072528795
0.41683333333333344,2023-09-18 22:59:56.736173400
0.3518000000000001,2023-09-19 00:02:33.399818005
0.19170000000000012,2023-09-19 01:05:10.063462610
0.08783333333333349,2023-09-19 02:07:46.727107215
0.04703333333333348,2023-09-19 03:10:23.390751820
0.0629333333333335,2023-09-19 04:13:00.054396425
0.19076666666666683,2023-09-19 05:15:36.718041030
0.4883333333333335,2023-09-19 06:18:13.381685635
0.8083333333333335,2023-09-19 07:20:50.045330240
1.0065333333333335,2023-09-19 08:23:26.708974845
0.9384,2023-09-19 09:26:03.372619450
0.8936333333333334,2023-09-19 10:28:40.036264055
0.8870000000000001,2023-09-19 11:31:16.699908660
0.8804333333333334,2023-09-19 12:33:53.363553265
0.9473666666666668,2023-09-19 13:36:30.027197870
0.9545333333333335,2023-09-19 14:39:06.690842475
0.8121666666666667,2023-09-19 15:41:43.354487080
0.5452000000000002,2023-09-19 16:44:20.018131685
0.2974666666666668,2023-09-19 17:46:56.681776290
0.32013333333333344,2023-09-19 18:49:33.345420895
0.32420000000000015,2023-09-19 19:52:10.009065500
0.33566666666666684,2023-09-19 20:54:46.672710105
0.22540000000000018,2023-09-19 21:57:23.336354710
